Country,Service,Min_Kg,Max_Kg,Rate_LKR,Logic_Type,Zone_ID
AFGHANISTAN,EXPRESS,0.0,1.0,22900.0,BASE,38.0
AFGHANISTAN,EXPRESS,0.0,0.5,12900.0,DOC,38.0
AFGHANISTAN,EXPRESS,1.01,10.0,8200.0,ADDER,38.0
AFGHANISTAN,EXPRESS,10.01,999.0,7900.0,FLAT_SLAB,38.0
AUSTRALIA,ECONOMY,0.0,1.0,8200.0,BASE,
AUSTRALIA,ECONOMY,1.01,5.0,2400.0,ADDER,
AUSTRALIA,ECONOMY,5.01,10.0,3070.0,FLAT_SLAB,
AUSTRALIA,ECONOMY,10.01,15.0,2850.0,FLAT_SLAB,
AUSTRALIA,ECONOMY,15.01,20.0,2830.0,FLAT_SLAB,
AUSTRALIA,ECONOMY,20.01,25.0,2760.0,FLAT_SLAB,
AUSTRALIA,ECONOMY,25.01,999.0,2760.0,FLAT_SLAB,
AUSTRIA,ECONOMY,0.0,1.0,9900.0,BASE,
AUSTRIA,ECONOMY,1.01,5.0,2400.0,ADDER,
AUSTRIA,ECONOMY,5.01,10.0,2700.0,FLAT_SLAB,
AUSTRIA,ECONOMY,10.01,15.0,2560.0,FLAT_SLAB,
AUSTRIA,ECONOMY,15.01,20.0,2560.0,FLAT_SLAB,
AUSTRIA,ECONOMY,20.01,25.0,2560.0,FLAT_SLAB,
AUSTRIA,ECONOMY,25.01,999.0,2560.0,FLAT_SLAB,
Albania,EXPRESS,0.0,1.0,22900.0,BASE,38.0
Albania,EXPRESS,0.0,0.5,12900.0,DOC,38.0
Albania,EXPRESS,1.01,10.0,8200.0,ADDER,38.0
Albania,EXPRESS,10.01,999.0,7900.0,FLAT_SLAB,38.0
Algeria,EXPRESS,0.0,1.0,22900.0,BASE,38.0
Algeria,EXPRESS,0.0,0.5,12900.0,DOC,38.0
Algeria,EXPRESS,1.01,10.0,8200.0,ADDER,38.0
Algeria,EXPRESS,10.01,999.0,7900.0,FLAT_SLAB,38.0
American Samoa,EXPRESS,0.0,1.0,22900.0,BASE,38.0
American Samoa,EXPRESS,0.0,0.5,12900.0,DOC,38.0
American Samoa,EXPRESS,1.01,10.0,8200.0,ADDER,38.0
American Samoa,EXPRESS,10.01,999.0,7900.0,FLAT_SLAB,38.0
Andorra,EXPRESS,0.0,1.0,20150.0,BASE,37.0
Andorra,EXPRESS,0.0,0.5,9400.0,DOC,37.0
Andorra,EXPRESS,1.01,10.0,7100.0,ADDER,37.0
Andorra,EXPRESS,10.01,999.0,6700.0,FLAT_SLAB,37.0
Angilla,EXPRESS,0.0,1.0,22900.0,BASE,38.0
Angilla,EXPRESS,0.0,0.5,12900.0,DOC,38.0
Angilla,EXPRESS,1.01,10.0,8200.0,ADDER,38.0
Angilla,EXPRESS,10.01,999.0,7900.0,FLAT_SLAB,38.0
Angola,EXPRESS,0.0,1.0,22900.0,BASE,38.0
Angola,EXPRESS,0.0,0.5,12900.0,DOC,38.0
Angola,EXPRESS,1.01,10.0,8200.0,ADDER,38.0
Angola,EXPRESS,10.01,999.0,7900.0,FLAT_SLAB,38.0
Antigua,EXPRESS,0.0,1.0,22900.0,BASE,38.0
Antigua,EXPRESS,0.0,0.5,12900.0,DOC,38.0
Antigua,EXPRESS,1.01,10.0,8200.0,ADDER,38.0
Antigua,EXPRESS,10.01,999.0,7900.0,FLAT_SLAB,38.0
Argentina,EXPRESS,0.0,1.0,22900.0,BASE,38.0
Argentina,EXPRESS,0.0,0.5,12900.0,DOC,38.0
Argentina,EXPRESS,1.01,10.0,8200.0,ADDER,38.0
Argentina,EXPRESS,10.01,999.0,7900.0,FLAT_SLAB,38.0
Armenia,EXPRESS,0.0,1.0,22900.0,BASE,38.0
Armenia,EXPRESS,0.0,0.5,12900.0,DOC,38.0
Armenia,EXPRESS,1.01,10.0,8200.0,ADDER,38.0
Armenia,EXPRESS,10.01,999.0,7900.0,FLAT_SLAB,38.0
Aruba,EXPRESS,0.0,1.0,22900.0,BASE,38.0
Aruba,EXPRESS,0.0,0.5,12900.0,DOC,38.0
Aruba,EXPRESS,1.01,10.0,8200.0,ADDER,38.0
Aruba,EXPRESS,10.01,999.0,7900.0,FLAT_SLAB,38.0
Australia,EXPRESS,0.0,1.0,7800.0,BASE,15.0
Australia,EXPRESS,0.0,0.5,8200.0,DOC,15.0
Australia,EXPRESS,1.01,10.0,3950.0,ADDER,15.0
Australia,EXPRESS,10.01,999.0,3330.0,FLAT_SLAB,15.0
Austria,EXPRESS,0.0,1.0,19660.0,BASE,31.0
Austria,EXPRESS,0.0,0.5,8600.0,DOC,31.0
Austria,EXPRESS,1.01,10.0,6700.0,ADDER,31.0
Austria,EXPRESS,10.01,999.0,6400.0,FLAT_SLAB,31.0
Azerbaijan,EXPRESS,0.0,1.0,22900.0,BASE,38.0
Azerbaijan,EXPRESS,0.0,0.5,12900.0,DOC,38.0
Azerbaijan,EXPRESS,1.01,10.0,8200.0,ADDER,38.0
Azerbaijan,EXPRESS,10.01,999.0,7900.0,FLAT_SLAB,38.0
BELGIUM,ECONOMY,0.0,1.0,11130.0,BASE,
BELGIUM,ECONOMY,1.01,5.0,2400.0,ADDER,
BELGIUM,ECONOMY,5.01,10.0,3745.0,FLAT_SLAB,
BELGIUM,ECONOMY,10.01,15.0,3010.0,FLAT_SLAB,
BELGIUM,ECONOMY,15.01,20.0,2600.0,FLAT_SLAB,
BELGIUM,ECONOMY,20.01,25.0,2510.0,FLAT_SLAB,
BELGIUM,ECONOMY,25.01,999.0,2510.0,FLAT_SLAB,
BOSNIA,ECONOMY,0.0,1.0,16820.0,BASE,
BOSNIA,ECONOMY,1.01,5.0,2400.0,ADDER,
BOSNIA,ECONOMY,5.01,10.0,4850.0,FLAT_SLAB,
BOSNIA,ECONOMY,10.01,15.0,3410.0,FLAT_SLAB,
BOSNIA,ECONOMY,15.01,20.0,3050.0,FLAT_SLAB,
BOSNIA,ECONOMY,20.01,25.0,2860.0,FLAT_SLAB,
BOSNIA,ECONOMY,25.01,999.0,2860.0,FLAT_SLAB,
BULGARIA,ECONOMY,0.0,1.0,16800.0,BASE,
BULGARIA,ECONOMY,1.01,5.0,2400.0,ADDER,
BULGARIA,ECONOMY,5.01,10.0,5172.0,FLAT_SLAB,
BULGARIA,ECONOMY,10.01,15.0,3210.0,FLAT_SLAB,
BULGARIA,ECONOMY,15.01,20.0,2890.0,FLAT_SLAB,
BULGARIA,ECONOMY,20.01,25.0,2670.0,FLAT_SLAB,
BULGARIA,ECONOMY,25.01,999.0,2560.0,FLAT_SLAB,
Bahamas,EXPRESS,0.0,1.0,22900.0,BASE,38.0
Bahamas,EXPRESS,0.0,0.5,12900.0,DOC,38.0
Bahamas,EXPRESS,1.01,10.0,8200.0,ADDER,38.0
Bahamas,EXPRESS,10.01,999.0,7900.0,FLAT_SLAB,38.0
Bahrain,EXPRESS,0.0,1.0,16900.0,BASE,10.0
Bahrain,EXPRESS,0.0,0.5,9400.0,DOC,10.0
Bahrain,EXPRESS,1.01,10.0,7490.0,ADDER,10.0
Bahrain,EXPRESS,10.01,999.0,7200.0,FLAT_SLAB,10.0
Bangaladesh,EXPRESS,0.0,1.0,17700.0,BASE,14.0
Bangaladesh,EXPRESS,0.0,0.5,9000.0,DOC,14.0
Bangaladesh,EXPRESS,1.01,10.0,7100.0,ADDER,14.0
Bangaladesh,EXPRESS,10.01,999.0,6800.0,FLAT_SLAB,14.0
Barbados,EXPRESS,0.0,1.0,22900.0,BASE,38.0
Barbados,EXPRESS,0.0,0.5,12900.0,DOC,38.0
Barbados,EXPRESS,1.01,10.0,8200.0,ADDER,38.0
Barbados,EXPRESS,10.01,999.0,7900.0,FLAT_SLAB,38.0
Belarus,EXPRESS,0.0,1.0,20150.0,BASE,37.0
Belarus,EXPRESS,0.0,0.5,9400.0,DOC,37.0
Belarus,EXPRESS,1.01,10.0,7100.0,ADDER,37.0
Belarus,EXPRESS,10.01,999.0,6700.0,FLAT_SLAB,37.0
Belgium,EXPRESS,0.0,1.0,9800.0,BASE,23.0
Belgium,EXPRESS,0.0,0.5,8600.0,DOC,23.0
Belgium,EXPRESS,1.01,10.0,5500.0,ADDER,23.0
Belgium,EXPRESS,10.01,999.0,3900.0,FLAT_SLAB,23.0
Belize,EXPRESS,0.0,1.0,22900.0,BASE,38.0
Belize,EXPRESS,0.0,0.5,12900.0,DOC,38.0
Belize,EXPRESS,1.01,10.0,8200.0,ADDER,38.0
Belize,EXPRESS,10.01,999.0,7900.0,FLAT_SLAB,38.0
Benin,EXPRESS,0.0,1.0,22900.0,BASE,38.0
Benin,EXPRESS,0.0,0.5,12900.0,DOC,38.0
Benin,EXPRESS,1.01,10.0,8200.0,ADDER,38.0
Benin,EXPRESS,10.01,999.0,7900.0,FLAT_SLAB,38.0
Bermuda,EXPRESS,0.0,1.0,22900.0,BASE,38.0
Bermuda,EXPRESS,0.0,0.5,12900.0,DOC,38.0
Bermuda,EXPRESS,1.01,10.0,8200.0,ADDER,38.0
Bermuda,EXPRESS,10.01,999.0,7900.0,FLAT_SLAB,38.0
Bhutan,EXPRESS,0.0,1.0,17700.0,BASE,14.0
Bhutan,EXPRESS,0.0,0.5,9000.0,DOC,14.0
Bhutan,EXPRESS,1.01,10.0,7100.0,ADDER,14.0
Bhutan,EXPRESS,10.01,999.0,6800.0,FLAT_SLAB,14.0
Bolivia,EXPRESS,0.0,1.0,22900.0,BASE,38.0
Bolivia,EXPRESS,0.0,0.5,12900.0,DOC,38.0
Bolivia,EXPRESS,1.01,10.0,8200.0,ADDER,38.0
Bolivia,EXPRESS,10.01,999.0,7900.0,FLAT_SLAB,38.0
Bonaire,EXPRESS,0.0,1.0,22900.0,BASE,38.0
Bonaire,EXPRESS,0.0,0.5,12900.0,DOC,38.0
Bonaire,EXPRESS,1.01,10.0,8200.0,ADDER,38.0
Bonaire,EXPRESS,10.01,999.0,7900.0,FLAT_SLAB,38.0
Bosnia & Herzegovina,EXPRESS,0.0,1.0,22900.0,BASE,38.0
Bosnia & Herzegovina,EXPRESS,0.0,0.5,12900.0,DOC,38.0
Bosnia & Herzegovina,EXPRESS,1.01,10.0,8200.0,ADDER,38.0
Bosnia & Herzegovina,EXPRESS,10.01,999.0,7900.0,FLAT_SLAB,38.0
Botswana,EXPRESS,0.0,1.0,22900.0,BASE,38.0
Botswana,EXPRESS,0.0,0.5,12900.0,DOC,38.0
Botswana,EXPRESS,1.01,10.0,8200.0,ADDER,38.0
Botswana,EXPRESS,10.01,999.0,7900.0,FLAT_SLAB,38.0
Brazil,EXPRESS,0.0,1.0,22900.0,BASE,38.0
Brazil,EXPRESS,0.0,0.5,12900.0,DOC,38.0
Brazil,EXPRESS,1.01,10.0,8200.0,ADDER,38.0
Brazil,EXPRESS,10.01,999.0,7900.0,FLAT_SLAB,38.0
Brunei,EXPRESS,0.0,1.0,17700.0,BASE,14.0
Brunei,EXPRESS,0.0,0.5,9000.0,DOC,14.0
Brunei,EXPRESS,1.01,10.0,7100.0,ADDER,14.0
Brunei,EXPRESS,10.01,999.0,6800.0,FLAT_SLAB,14.0
Bulgaria,EXPRESS,0.0,1.0,19660.0,BASE,31.0
Bulgaria,EXPRESS,0.0,0.5,8600.0,DOC,31.0
Bulgaria,EXPRESS,1.01,10.0,6700.0,ADDER,31.0
Bulgaria,EXPRESS,10.01,999.0,6400.0,FLAT_SLAB,31.0
Burkina Faso,EXPRESS,0.0,1.0,22900.0,BASE,38.0
Burkina Faso,EXPRESS,0.0,0.5,12900.0,DOC,38.0
Burkina Faso,EXPRESS,1.01,10.0,8200.0,ADDER,38.0
Burkina Faso,EXPRESS,10.01,999.0,7900.0,FLAT_SLAB,38.0
Burundi,EXPRESS,0.0,1.0,22900.0,BASE,38.0
Burundi,EXPRESS,0.0,0.5,12900.0,DOC,38.0
Burundi,EXPRESS,1.01,10.0,8200.0,ADDER,38.0
Burundi,EXPRESS,10.01,999.0,7900.0,FLAT_SLAB,38.0
CANADA,ECONOMY,0.0,1.0,10490.0,BASE,
CANADA,ECONOMY,1.01,5.0,2990.0,ADDER,
CANADA,ECONOMY,5.01,10.0,4410.0,FLAT_SLAB,
CANADA,ECONOMY,10.01,15.0,3235.0,FLAT_SLAB,
CANADA,ECONOMY,15.01,20.0,3155.0,FLAT_SLAB,
CANADA,ECONOMY,20.01,25.0,3140.0,FLAT_SLAB,
CANADA,ECONOMY,25.01,999.0,3120.0,FLAT_SLAB,
CROATIA,ECONOMY,0.0,1.0,19540.0,BASE,
CROATIA,ECONOMY,1.01,5.0,2400.0,ADDER,
CROATIA,ECONOMY,5.01,10.0,5070.0,FLAT_SLAB,
CROATIA,ECONOMY,10.01,15.0,3390.0,FLAT_SLAB,
CROATIA,ECONOMY,15.01,20.0,2790.0,FLAT_SLAB,
CROATIA,ECONOMY,20.01,25.0,2600.0,FLAT_SLAB,
CROATIA,ECONOMY,25.01,999.0,2500.0,FLAT_SLAB,
CZECH REPUBLIC,ECONOMY,0.0,1.0,15450.0,BASE,
CZECH REPUBLIC,ECONOMY,1.01,5.0,2400.0,ADDER,
CZECH REPUBLIC,ECONOMY,5.01,10.0,4560.0,FLAT_SLAB,
CZECH REPUBLIC,ECONOMY,10.01,15.0,4500.0,FLAT_SLAB,
CZECH REPUBLIC,ECONOMY,15.01,20.0,4000.0,FLAT_SLAB,
CZECH REPUBLIC,ECONOMY,20.01,25.0,2400.0,FLAT_SLAB,
CZECH REPUBLIC,ECONOMY,25.01,999.0,2350.0,FLAT_SLAB,
Cambodia,EXPRESS,0.0,1.0,17700.0,BASE,14.0
Cambodia,EXPRESS,0.0,0.5,9000.0,DOC,14.0
Cambodia,EXPRESS,1.01,10.0,7100.0,ADDER,14.0
Cambodia,EXPRESS,10.01,999.0,6800.0,FLAT_SLAB,14.0
Cameroon,EXPRESS,0.0,1.0,22900.0,BASE,38.0
Cameroon,EXPRESS,0.0,0.5,12900.0,DOC,38.0
Cameroon,EXPRESS,1.01,10.0,8200.0,ADDER,38.0
Cameroon,EXPRESS,10.01,999.0,7900.0,FLAT_SLAB,38.0
Canada,EXPRESS,0.0,1.0,9800.0,BASE,33.0
Canada,EXPRESS,0.0,0.5,9000.0,DOC,33.0
Canada,EXPRESS,1.01,10.0,4700.0,ADDER,33.0
Canada,EXPRESS,10.01,999.0,3750.0,FLAT_SLAB,33.0
Canary Islands,EXPRESS,0.0,1.0,22900.0,BASE,38.0
Canary Islands,EXPRESS,0.0,0.5,12900.0,DOC,38.0
Canary Islands,EXPRESS,1.01,10.0,8200.0,ADDER,38.0
Canary Islands,EXPRESS,10.01,999.0,7900.0,FLAT_SLAB,38.0
Cape Verde,EXPRESS,0.0,1.0,22900.0,BASE,38.0
Cape Verde,EXPRESS,0.0,0.5,12900.0,DOC,38.0
Cape Verde,EXPRESS,1.01,10.0,8200.0,ADDER,38.0
Cape Verde,EXPRESS,10.01,999.0,7900.0,FLAT_SLAB,38.0
Cayman Islands,EXPRESS,0.0,1.0,22900.0,BASE,38.0
Cayman Islands,EXPRESS,0.0,0.5,12900.0,DOC,38.0
Cayman Islands,EXPRESS,1.01,10.0,8200.0,ADDER,38.0
Cayman Islands,EXPRESS,10.01,999.0,7900.0,FLAT_SLAB,38.0
Central African Republic,EXPRESS,0.0,1.0,22900.0,BASE,38.0
Central African Republic,EXPRESS,0.0,0.5,12900.0,DOC,38.0
Central African Republic,EXPRESS,1.01,10.0,8200.0,ADDER,38.0
Central African Republic,EXPRESS,10.01,999.0,7900.0,FLAT_SLAB,38.0
Chad,EXPRESS,0.0,1.0,22900.0,BASE,38.0
Chad,EXPRESS,0.0,0.5,12900.0,DOC,38.0
Chad,EXPRESS,1.01,10.0,8200.0,ADDER,38.0
Chad,EXPRESS,10.01,999.0,7900.0,FLAT_SLAB,38.0
Chile,EXPRESS,0.0,1.0,22900.0,BASE,38.0
Chile,EXPRESS,0.0,0.5,12900.0,DOC,38.0
Chile,EXPRESS,1.01,10.0,8200.0,ADDER,38.0
Chile,EXPRESS,10.01,999.0,7900.0,FLAT_SLAB,38.0
China,EXPRESS,0.0,1.0,9400.0,BASE,6.0
China,EXPRESS,0.0,0.5,8250.0,DOC,6.0
China,EXPRESS,1.01,10.0,4750.0,ADDER,6.0
China,EXPRESS,10.01,999.0,3950.0,FLAT_SLAB,6.0
Colombia,EXPRESS,0.0,1.0,22900.0,BASE,38.0
Colombia,EXPRESS,0.0,0.5,12900.0,DOC,38.0
Colombia,EXPRESS,1.01,10.0,8200.0,ADDER,38.0
Colombia,EXPRESS,10.01,999.0,7900.0,FLAT_SLAB,38.0
Comoros,EXPRESS,0.0,1.0,22900.0,BASE,38.0
Comoros,EXPRESS,0.0,0.5,12900.0,DOC,38.0
Comoros,EXPRESS,1.01,10.0,8200.0,ADDER,38.0
Comoros,EXPRESS,10.01,999.0,7900.0,FLAT_SLAB,38.0
Congo,EXPRESS,0.0,1.0,22900.0,BASE,38.0
Congo,EXPRESS,0.0,0.5,12900.0,DOC,38.0
Congo,EXPRESS,1.01,10.0,8200.0,ADDER,38.0
Congo,EXPRESS,10.01,999.0,7900.0,FLAT_SLAB,38.0
"Congo, The Democratic Republic",EXPRESS,0.0,1.0,22900.0,BASE,38.0
"Congo, The Democratic Republic",EXPRESS,0.0,0.5,12900.0,DOC,38.0
"Congo, The Democratic Republic",EXPRESS,1.01,10.0,8200.0,ADDER,38.0
"Congo, The Democratic Republic",EXPRESS,10.01,999.0,7900.0,FLAT_SLAB,38.0
Cook islands,EXPRESS,0.0,1.0,22900.0,BASE,38.0
Cook islands,EXPRESS,0.0,0.5,12900.0,DOC,38.0
Cook islands,EXPRESS,1.01,10.0,8200.0,ADDER,38.0
Cook islands,EXPRESS,10.01,999.0,7900.0,FLAT_SLAB,38.0
Costa Rica,EXPRESS,0.0,1.0,22900.0,BASE,38.0
Costa Rica,EXPRESS,0.0,0.5,12900.0,DOC,38.0
Costa Rica,EXPRESS,1.01,10.0,8200.0,ADDER,38.0
Costa Rica,EXPRESS,10.01,999.0,7900.0,FLAT_SLAB,38.0
Cote D'Ivoire,EXPRESS,0.0,1.0,22900.0,BASE,38.0
Cote D'Ivoire,EXPRESS,0.0,0.5,12900.0,DOC,38.0
Cote D'Ivoire,EXPRESS,1.01,10.0,8200.0,ADDER,38.0
Cote D'Ivoire,EXPRESS,10.01,999.0,7900.0,FLAT_SLAB,38.0
Croatia,EXPRESS,0.0,1.0,22900.0,BASE,38.0
Croatia,EXPRESS,0.0,0.5,12900.0,DOC,38.0
Croatia,EXPRESS,1.01,10.0,8200.0,ADDER,38.0
Croatia,EXPRESS,10.01,999.0,7900.0,FLAT_SLAB,38.0
Cuba,EXPRESS,0.0,1.0,22900.0,BASE,38.0
Cuba,EXPRESS,0.0,0.5,12900.0,DOC,38.0
Cuba,EXPRESS,1.01,10.0,8200.0,ADDER,38.0
Cuba,EXPRESS,10.01,999.0,7900.0,FLAT_SLAB,38.0
Curacao,EXPRESS,0.0,1.0,22900.0,BASE,38.0
Curacao,EXPRESS,0.0,0.5,12900.0,DOC,38.0
Curacao,EXPRESS,1.01,10.0,8200.0,ADDER,38.0
Curacao,EXPRESS,10.01,999.0,7900.0,FLAT_SLAB,38.0
Cyprus,EXPRESS,0.0,1.0,11350.0,BASE,29.0
Cyprus,EXPRESS,0.0,0.5,8600.0,DOC,29.0
Cyprus,EXPRESS,1.01,10.0,5100.0,ADDER,29.0
Cyprus,EXPRESS,10.01,999.0,4250.0,FLAT_SLAB,29.0
"Czech Republic, The",EXPRESS,0.0,1.0,19660.0,BASE,31.0
"Czech Republic, The",EXPRESS,0.0,0.5,8600.0,DOC,31.0
"Czech Republic, The",EXPRESS,1.01,10.0,6700.0,ADDER,31.0
"Czech Republic, The",EXPRESS,10.01,999.0,6400.0,FLAT_SLAB,31.0
DENMARK,ECONOMY,0.0,1.0,10170.0,BASE,
DENMARK,ECONOMY,1.01,5.0,2400.0,ADDER,
DENMARK,ECONOMY,5.01,10.0,4070.0,FLAT_SLAB,
DENMARK,ECONOMY,10.01,15.0,2710.0,FLAT_SLAB,
DENMARK,ECONOMY,15.01,20.0,2550.0,FLAT_SLAB,
DENMARK,ECONOMY,20.01,25.0,2400.0,FLAT_SLAB,
DENMARK,ECONOMY,25.01,999.0,2350.0,FLAT_SLAB,
DUBAI,ECONOMY,0.0,1.0,10500.0,BASE,
DUBAI,ECONOMY,1.01,5.0,2400.0,ADDER,
DUBAI,ECONOMY,5.01,10.0,3050.0,FLAT_SLAB,
DUBAI,ECONOMY,10.01,15.0,2850.0,FLAT_SLAB,
DUBAI,ECONOMY,15.01,20.0,2750.0,FLAT_SLAB,
DUBAI,ECONOMY,20.01,25.0,2700.0,FLAT_SLAB,
DUBAI,ECONOMY,25.01,999.0,2700.0,FLAT_SLAB,
Denmark,EXPRESS,0.0,1.0,10600.0,BASE,25.0
Denmark,EXPRESS,0.0,0.5,8600.0,DOC,25.0
Denmark,EXPRESS,1.01,10.0,4330.0,ADDER,25.0
Denmark,EXPRESS,10.01,999.0,3700.0,FLAT_SLAB,25.0
Djibouti,EXPRESS,0.0,1.0,22900.0,BASE,38.0
Djibouti,EXPRESS,0.0,0.5,12900.0,DOC,38.0
Djibouti,EXPRESS,1.01,10.0,8200.0,ADDER,38.0
Djibouti,EXPRESS,10.01,999.0,7900.0,FLAT_SLAB,38.0
Dominica,EXPRESS,0.0,1.0,22900.0,BASE,38.0
Dominica,EXPRESS,0.0,0.5,12900.0,DOC,38.0
Dominica,EXPRESS,1.01,10.0,8200.0,ADDER,38.0
Dominica,EXPRESS,10.01,999.0,7900.0,FLAT_SLAB,38.0
Dominican Republic,EXPRESS,0.0,1.0,22900.0,BASE,38.0
Dominican Republic,EXPRESS,0.0,0.5,12900.0,DOC,38.0
Dominican Republic,EXPRESS,1.01,10.0,8200.0,ADDER,38.0
Dominican Republic,EXPRESS,10.01,999.0,7900.0,FLAT_SLAB,38.0
ESTONIA,ECONOMY,0.0,1.0,16650.0,BASE,
ESTONIA,ECONOMY,1.01,5.0,2400.0,ADDER,
ESTONIA,ECONOMY,5.01,10.0,4570.0,FLAT_SLAB,
ESTONIA,ECONOMY,10.01,15.0,3320.0,FLAT_SLAB,
ESTONIA,ECONOMY,15.01,20.0,3000.0,FLAT_SLAB,
ESTONIA,ECONOMY,20.01,25.0,2850.0,FLAT_SLAB,
ESTONIA,ECONOMY,25.01,999.0,2850.0,FLAT_SLAB,
East Timor,EXPRESS,0.0,1.0,22900.0,BASE,38.0
East Timor,EXPRESS,0.0,0.5,12900.0,DOC,38.0
East Timor,EXPRESS,1.01,10.0,8200.0,ADDER,38.0
East Timor,EXPRESS,10.01,999.0,7900.0,FLAT_SLAB,38.0
Ecudor,EXPRESS,0.0,1.0,22900.0,BASE,38.0
Ecudor,EXPRESS,0.0,0.5,12900.0,DOC,38.0
Ecudor,EXPRESS,1.01,10.0,8200.0,ADDER,38.0
Ecudor,EXPRESS,10.01,999.0,7900.0,FLAT_SLAB,38.0
Egypt,EXPRESS,0.0,1.0,22900.0,BASE,38.0
Egypt,EXPRESS,0.0,0.5,12900.0,DOC,38.0
Egypt,EXPRESS,1.01,10.0,8200.0,ADDER,38.0
Egypt,EXPRESS,10.01,999.0,7900.0,FLAT_SLAB,38.0
El Salvador,EXPRESS,0.0,1.0,22900.0,BASE,38.0
El Salvador,EXPRESS,0.0,0.5,12900.0,DOC,38.0
El Salvador,EXPRESS,1.01,10.0,8200.0,ADDER,38.0
El Salvador,EXPRESS,10.01,999.0,7900.0,FLAT_SLAB,38.0
Eritrea,EXPRESS,0.0,1.0,22900.0,BASE,38.0
Eritrea,EXPRESS,0.0,0.5,12900.0,DOC,38.0
Eritrea,EXPRESS,1.01,10.0,8200.0,ADDER,38.0
Eritrea,EXPRESS,10.01,999.0,7900.0,FLAT_SLAB,38.0
Estonia,EXPRESS,0.0,1.0,22900.0,BASE,38.0
Estonia,EXPRESS,0.0,0.5,12900.0,DOC,38.0
Estonia,EXPRESS,1.01,10.0,8200.0,ADDER,38.0
Estonia,EXPRESS,10.01,999.0,7900.0,FLAT_SLAB,38.0
Ethiopia,EXPRESS,0.0,1.0,22900.0,BASE,38.0
Ethiopia,EXPRESS,0.0,0.5,12900.0,DOC,38.0
Ethiopia,EXPRESS,1.01,10.0,8200.0,ADDER,38.0
Ethiopia,EXPRESS,10.01,999.0,7900.0,FLAT_SLAB,38.0
FINLAND,ECONOMY,0.0,1.0,15200.0,BASE,
FINLAND,ECONOMY,1.01,5.0,2300.0,ADDER,
FINLAND,ECONOMY,5.01,10.0,4450.0,FLAT_SLAB,
FINLAND,ECONOMY,10.01,15.0,3250.0,FLAT_SLAB,
FINLAND,ECONOMY,15.01,20.0,2890.0,FLAT_SLAB,
FINLAND,ECONOMY,20.01,25.0,2790.0,FLAT_SLAB,
FINLAND,ECONOMY,25.01,999.0,2720.0,FLAT_SLAB,
FRANCE,ECONOMY,0.0,1.0,8700.0,BASE,
FRANCE,ECONOMY,1.01,5.0,2300.0,ADDER,
FRANCE,ECONOMY,5.01,10.0,5012.0,FLAT_SLAB,
FRANCE,ECONOMY,10.01,15.0,2607.66,FLAT_SLAB,
FRANCE,ECONOMY,15.01,20.0,2441.24,FLAT_SLAB,
FRANCE,ECONOMY,20.01,25.0,2299.94,FLAT_SLAB,
FRANCE,ECONOMY,25.01,999.0,2246.56,FLAT_SLAB,
Falkland Islands,EXPRESS,0.0,1.0,22900.0,BASE,38.0
Falkland Islands,EXPRESS,0.0,0.5,12900.0,DOC,38.0
Falkland Islands,EXPRESS,1.01,10.0,8200.0,ADDER,38.0
Falkland Islands,EXPRESS,10.01,999.0,7900.0,FLAT_SLAB,38.0
Faroe Islands,EXPRESS,0.0,1.0,20150.0,BASE,37.0
Faroe Islands,EXPRESS,0.0,0.5,9400.0,DOC,37.0
Faroe Islands,EXPRESS,1.01,10.0,7100.0,ADDER,37.0
Faroe Islands,EXPRESS,10.01,999.0,6700.0,FLAT_SLAB,37.0
Fiji,EXPRESS,0.0,1.0,22900.0,BASE,38.0
Fiji,EXPRESS,0.0,0.5,12900.0,DOC,38.0
Fiji,EXPRESS,1.01,10.0,8200.0,ADDER,38.0
Fiji,EXPRESS,10.01,999.0,7900.0,FLAT_SLAB,38.0
Finland,EXPRESS,0.0,1.0,10950.0,BASE,28.0
Finland,EXPRESS,0.0,0.5,8200.0,DOC,28.0
Finland,EXPRESS,1.01,10.0,4330.0,ADDER,28.0
Finland,EXPRESS,10.01,999.0,3700.0,FLAT_SLAB,28.0
France,EXPRESS,0.0,1.0,8900.0,BASE,21.0
France,EXPRESS,0.0,0.5,8600.0,DOC,21.0
France,EXPRESS,1.01,10.0,4600.0,ADDER,21.0
France,EXPRESS,10.01,999.0,3450.0,FLAT_SLAB,21.0
French Guyana,EXPRESS,0.0,1.0,22900.0,BASE,38.0
French Guyana,EXPRESS,0.0,0.5,12900.0,DOC,38.0
French Guyana,EXPRESS,1.01,10.0,8200.0,ADDER,38.0
French Guyana,EXPRESS,10.01,999.0,7900.0,FLAT_SLAB,38.0
GERMANY,ECONOMY,0.0,1.0,7150.0,BASE,
GERMANY,ECONOMY,1.01,5.0,2990.0,ADDER,
GERMANY,ECONOMY,5.01,10.0,2830.0,FLAT_SLAB,
GERMANY,ECONOMY,10.01,15.0,2390.0,FLAT_SLAB,
GERMANY,ECONOMY,15.01,20.0,2320.0,FLAT_SLAB,
GERMANY,ECONOMY,20.01,25.0,2320.0,FLAT_SLAB,
GERMANY,ECONOMY,25.01,999.0,2320.0,FLAT_SLAB,
GREECE,ECONOMY,0.0,1.0,16802.0,BASE,
GREECE,ECONOMY,1.01,5.0,2400.0,ADDER,
GREECE,ECONOMY,5.01,10.0,5175.0,FLAT_SLAB,
GREECE,ECONOMY,10.01,15.0,3210.0,FLAT_SLAB,
GREECE,ECONOMY,15.01,20.0,2890.0,FLAT_SLAB,
GREECE,ECONOMY,20.01,25.0,2660.0,FLAT_SLAB,
GREECE,ECONOMY,25.01,999.0,2560.0,FLAT_SLAB,
Gabon,EXPRESS,0.0,1.0,22900.0,BASE,38.0
Gabon,EXPRESS,0.0,0.5,12900.0,DOC,38.0
Gabon,EXPRESS,1.01,10.0,8200.0,ADDER,38.0
Gabon,EXPRESS,10.01,999.0,7900.0,FLAT_SLAB,38.0
Gambia,EXPRESS,0.0,1.0,22900.0,BASE,38.0
Gambia,EXPRESS,0.0,0.5,12900.0,DOC,38.0
Gambia,EXPRESS,1.01,10.0,8200.0,ADDER,38.0
Gambia,EXPRESS,10.01,999.0,7900.0,FLAT_SLAB,38.0
Georgia,EXPRESS,0.0,1.0,22900.0,BASE,38.0
Georgia,EXPRESS,0.0,0.5,12900.0,DOC,38.0
Georgia,EXPRESS,1.01,10.0,8200.0,ADDER,38.0
Georgia,EXPRESS,10.01,999.0,7900.0,FLAT_SLAB,38.0
German Democratic Rep,EXPRESS,0.0,1.0,22900.0,BASE,38.0
German Democratic Rep,EXPRESS,0.0,0.5,12900.0,DOC,38.0
German Democratic Rep,EXPRESS,1.01,10.0,8200.0,ADDER,38.0
German Democratic Rep,EXPRESS,10.01,999.0,7900.0,FLAT_SLAB,38.0
Germany,EXPRESS,0.0,1.0,7400.0,BASE,19.0
Germany,EXPRESS,0.0,0.5,7800.0,DOC,19.0
Germany,EXPRESS,1.01,10.0,4330.0,ADDER,19.0
Germany,EXPRESS,10.01,999.0,3200.0,FLAT_SLAB,19.0
Ghana,EXPRESS,0.0,1.0,22900.0,BASE,38.0
Ghana,EXPRESS,0.0,0.5,12900.0,DOC,38.0
Ghana,EXPRESS,1.01,10.0,8200.0,ADDER,38.0
Ghana,EXPRESS,10.01,999.0,7900.0,FLAT_SLAB,38.0
Gibraltar,EXPRESS,0.0,1.0,20150.0,BASE,37.0
Gibraltar,EXPRESS,0.0,0.5,9400.0,DOC,37.0
Gibraltar,EXPRESS,1.01,10.0,7100.0,ADDER,37.0
Gibraltar,EXPRESS,10.01,999.0,6700.0,FLAT_SLAB,37.0
Greece,EXPRESS,0.0,1.0,11350.0,BASE,27.0
Greece,EXPRESS,0.0,0.5,8600.0,DOC,27.0
Greece,EXPRESS,1.01,10.0,5100.0,ADDER,27.0
Greece,EXPRESS,10.01,999.0,4230.0,FLAT_SLAB,27.0
Greenland,EXPRESS,0.0,1.0,20150.0,BASE,37.0
Greenland,EXPRESS,0.0,0.5,9400.0,DOC,37.0
Greenland,EXPRESS,1.01,10.0,7100.0,ADDER,37.0
Greenland,EXPRESS,10.01,999.0,6700.0,FLAT_SLAB,37.0
Grenada,EXPRESS,0.0,1.0,22900.0,BASE,38.0
Grenada,EXPRESS,0.0,0.5,12900.0,DOC,38.0
Grenada,EXPRESS,1.01,10.0,8200.0,ADDER,38.0
Grenada,EXPRESS,10.01,999.0,7900.0,FLAT_SLAB,38.0
Guadeloup,EXPRESS,0.0,1.0,22900.0,BASE,38.0
Guadeloup,EXPRESS,0.0,0.5,12900.0,DOC,38.0
Guadeloup,EXPRESS,1.01,10.0,8200.0,ADDER,38.0
Guadeloup,EXPRESS,10.01,999.0,7900.0,FLAT_SLAB,38.0
Guam,EXPRESS,0.0,1.0,22900.0,BASE,38.0
Guam,EXPRESS,0.0,0.5,12900.0,DOC,38.0
Guam,EXPRESS,1.01,10.0,8200.0,ADDER,38.0
Guam,EXPRESS,10.01,999.0,7900.0,FLAT_SLAB,38.0
Guatemala,EXPRESS,0.0,1.0,22900.0,BASE,38.0
Guatemala,EXPRESS,0.0,0.5,12900.0,DOC,38.0
Guatemala,EXPRESS,1.01,10.0,8200.0,ADDER,38.0
Guatemala,EXPRESS,10.01,999.0,7900.0,FLAT_SLAB,38.0
Guernsey,EXPRESS,0.0,1.0,20150.0,BASE,37.0
Guernsey,EXPRESS,0.0,0.5,9400.0,DOC,37.0
Guernsey,EXPRESS,1.01,10.0,7100.0,ADDER,37.0
Guernsey,EXPRESS,10.01,999.0,6700.0,FLAT_SLAB,37.0
Guinea Bissau,EXPRESS,0.0,1.0,22900.0,BASE,38.0
Guinea Bissau,EXPRESS,0.0,0.5,12900.0,DOC,38.0
Guinea Bissau,EXPRESS,1.01,10.0,8200.0,ADDER,38.0
Guinea Bissau,EXPRESS,10.01,999.0,7900.0,FLAT_SLAB,38.0
Guinea Equatorial,EXPRESS,0.0,1.0,22900.0,BASE,38.0
Guinea Equatorial,EXPRESS,0.0,0.5,12900.0,DOC,38.0
Guinea Equatorial,EXPRESS,1.01,10.0,8200.0,ADDER,38.0
Guinea Equatorial,EXPRESS,10.01,999.0,7900.0,FLAT_SLAB,38.0
Guinea Republic,EXPRESS,0.0,1.0,22900.0,BASE,38.0
Guinea Republic,EXPRESS,0.0,0.5,12900.0,DOC,38.0
Guinea Republic,EXPRESS,1.01,10.0,8200.0,ADDER,38.0
Guinea Republic,EXPRESS,10.01,999.0,7900.0,FLAT_SLAB,38.0
Guyana (British),EXPRESS,0.0,1.0,22900.0,BASE,38.0
Guyana (British),EXPRESS,0.0,0.5,12900.0,DOC,38.0
Guyana (British),EXPRESS,1.01,10.0,8200.0,ADDER,38.0
Guyana (British),EXPRESS,10.01,999.0,7900.0,FLAT_SLAB,38.0
HUNGARY,ECONOMY,0.0,1.0,16590.0,BASE,
HUNGARY,ECONOMY,1.01,5.0,2400.0,ADDER,
HUNGARY,ECONOMY,5.01,10.0,4790.0,FLAT_SLAB,
HUNGARY,ECONOMY,10.01,15.0,3410.0,FLAT_SLAB,
HUNGARY,ECONOMY,15.01,20.0,3050.0,FLAT_SLAB,
HUNGARY,ECONOMY,20.01,25.0,2860.0,FLAT_SLAB,
HUNGARY,ECONOMY,25.01,999.0,2860.0,FLAT_SLAB,
Haiti,EXPRESS,0.0,1.0,22900.0,BASE,38.0
Haiti,EXPRESS,0.0,0.5,12900.0,DOC,38.0
Haiti,EXPRESS,1.01,10.0,8200.0,ADDER,38.0
Haiti,EXPRESS,10.01,999.0,7900.0,FLAT_SLAB,38.0
Honduras,EXPRESS,0.0,1.0,22900.0,BASE,38.0
Honduras,EXPRESS,0.0,0.5,12900.0,DOC,38.0
Honduras,EXPRESS,1.01,10.0,8200.0,ADDER,38.0
Honduras,EXPRESS,10.01,999.0,7900.0,FLAT_SLAB,38.0
Hong Kong,EXPRESS,0.0,1.0,6900.0,BASE,5.0
Hong Kong,EXPRESS,0.0,0.5,7000.0,DOC,5.0
Hong Kong,EXPRESS,1.01,10.0,4600.0,ADDER,5.0
Hong Kong,EXPRESS,10.01,999.0,3800.0,FLAT_SLAB,5.0
Hungary,EXPRESS,0.0,1.0,19660.0,BASE,31.0
Hungary,EXPRESS,0.0,0.5,8600.0,DOC,31.0
Hungary,EXPRESS,1.01,10.0,6700.0,ADDER,31.0
Hungary,EXPRESS,10.01,999.0,6400.0,FLAT_SLAB,31.0
IRELAND,ECONOMY,0.0,1.0,12950.0,BASE,
IRELAND,ECONOMY,1.01,5.0,2400.0,ADDER,
IRELAND,ECONOMY,5.01,10.0,4100.0,FLAT_SLAB,
IRELAND,ECONOMY,10.01,15.0,3100.0,FLAT_SLAB,
IRELAND,ECONOMY,15.01,20.0,2860.0,FLAT_SLAB,
IRELAND,ECONOMY,20.01,25.0,2730.0,FLAT_SLAB,
IRELAND,ECONOMY,25.01,999.0,2680.0,FLAT_SLAB,
ITALY,ECONOMY,0.0,1.0,10600.0,BASE,
ITALY,ECONOMY,1.01,5.0,2400.0,ADDER,
ITALY,ECONOMY,5.01,10.0,3750.0,FLAT_SLAB,
ITALY,ECONOMY,10.01,15.0,3050.0,FLAT_SLAB,
ITALY,ECONOMY,15.01,20.0,2550.0,FLAT_SLAB,
ITALY,ECONOMY,20.01,25.0,2415.0,FLAT_SLAB,
ITALY,ECONOMY,25.01,999.0,2390.0,FLAT_SLAB,
Iceland,EXPRESS,0.0,1.0,20150.0,BASE,37.0
Iceland,EXPRESS,0.0,0.5,9400.0,DOC,37.0
Iceland,EXPRESS,1.01,10.0,7100.0,ADDER,37.0
Iceland,EXPRESS,10.01,999.0,6700.0,FLAT_SLAB,37.0
India,EXPRESS,0.0,1.0,8600.0,BASE,2.0
India,EXPRESS,0.0,0.5,7000.0,DOC,2.0
India,EXPRESS,1.01,10.0,5150.0,ADDER,2.0
India,EXPRESS,10.01,999.0,2400.0,FLAT_SLAB,2.0
Indonesia,EXPRESS,0.0,1.0,17700.0,BASE,14.0
Indonesia,EXPRESS,0.0,0.5,9000.0,DOC,14.0
Indonesia,EXPRESS,1.01,10.0,7100.0,ADDER,14.0
Indonesia,EXPRESS,10.01,999.0,6800.0,FLAT_SLAB,14.0
Iran,EXPRESS,0.0,1.0,16900.0,BASE,10.0
Iran,EXPRESS,0.0,0.5,9400.0,DOC,10.0
Iran,EXPRESS,1.01,10.0,7490.0,ADDER,10.0
Iran,EXPRESS,10.01,999.0,7200.0,FLAT_SLAB,10.0
Iraq,EXPRESS,0.0,1.0,22900.0,BASE,38.0
Iraq,EXPRESS,0.0,0.5,12900.0,DOC,38.0
Iraq,EXPRESS,1.01,10.0,8200.0,ADDER,38.0
Iraq,EXPRESS,10.01,999.0,7900.0,FLAT_SLAB,38.0
Ireland,EXPRESS,0.0,1.0,19660.0,BASE,31.0
Ireland,EXPRESS,0.0,0.5,8600.0,DOC,31.0
Ireland,EXPRESS,1.01,10.0,6700.0,ADDER,31.0
Ireland,EXPRESS,10.01,999.0,6400.0,FLAT_SLAB,31.0
Israel,EXPRESS,0.0,1.0,20150.0,BASE,37.0
Israel,EXPRESS,0.0,0.5,9400.0,DOC,37.0
Israel,EXPRESS,1.01,10.0,7100.0,ADDER,37.0
Israel,EXPRESS,10.01,999.0,6700.0,FLAT_SLAB,37.0
Italy,EXPRESS,0.0,1.0,8900.0,BASE,21.0
Italy,EXPRESS,0.0,0.5,8600.0,DOC,21.0
Italy,EXPRESS,1.01,10.0,4330.0,ADDER,21.0
Italy,EXPRESS,10.01,999.0,3450.0,FLAT_SLAB,21.0
Jamaica,EXPRESS,0.0,1.0,22900.0,BASE,38.0
Jamaica,EXPRESS,0.0,0.5,12900.0,DOC,38.0
Jamaica,EXPRESS,1.01,10.0,8200.0,ADDER,38.0
Jamaica,EXPRESS,10.01,999.0,7900.0,FLAT_SLAB,38.0
Japan,EXPRESS,0.0,1.0,9750.0,BASE,16.0
Japan,EXPRESS,0.0,0.5,8600.0,DOC,16.0
Japan,EXPRESS,1.01,10.0,5120.0,ADDER,16.0
Japan,EXPRESS,10.01,999.0,3720.0,FLAT_SLAB,16.0
Jersey,EXPRESS,0.0,1.0,20150.0,BASE,37.0
Jersey,EXPRESS,0.0,0.5,9400.0,DOC,37.0
Jersey,EXPRESS,1.01,10.0,7100.0,ADDER,37.0
Jersey,EXPRESS,10.01,999.0,6700.0,FLAT_SLAB,37.0
Jordan,EXPRESS,0.0,1.0,16900.0,BASE,10.0
Jordan,EXPRESS,0.0,0.5,9400.0,DOC,10.0
Jordan,EXPRESS,1.01,10.0,7490.0,ADDER,10.0
Jordan,EXPRESS,10.01,999.0,7200.0,FLAT_SLAB,10.0
Kazakhstan,EXPRESS,0.0,1.0,22900.0,BASE,38.0
Kazakhstan,EXPRESS,0.0,0.5,12900.0,DOC,38.0
Kazakhstan,EXPRESS,1.01,10.0,8200.0,ADDER,38.0
Kazakhstan,EXPRESS,10.01,999.0,7900.0,FLAT_SLAB,38.0
Kenya,EXPRESS,0.0,1.0,22900.0,BASE,38.0
Kenya,EXPRESS,0.0,0.5,12900.0,DOC,38.0
Kenya,EXPRESS,1.01,10.0,8200.0,ADDER,38.0
Kenya,EXPRESS,10.01,999.0,7900.0,FLAT_SLAB,38.0
Kiribati,EXPRESS,0.0,1.0,22900.0,BASE,38.0
Kiribati,EXPRESS,0.0,0.5,12900.0,DOC,38.0
Kiribati,EXPRESS,1.01,10.0,8200.0,ADDER,38.0
Kiribati,EXPRESS,10.01,999.0,7900.0,FLAT_SLAB,38.0
Korea DPR,EXPRESS,0.0,1.0,17700.0,BASE,36.0
Korea DPR,EXPRESS,0.0,0.5,9300.0,DOC,36.0
Korea DPR,EXPRESS,1.01,10.0,7400.0,ADDER,36.0
Korea DPR,EXPRESS,10.01,999.0,7100.0,FLAT_SLAB,36.0
Korea South,EXPRESS,0.0,1.0,9800.0,BASE,11.0
Korea South,EXPRESS,0.0,0.5,9400.0,DOC,11.0
Korea South,EXPRESS,1.01,10.0,5150.0,ADDER,11.0
Korea South,EXPRESS,10.01,999.0,3950.0,FLAT_SLAB,11.0
Kosovo,EXPRESS,0.0,1.0,22900.0,BASE,38.0
Kosovo,EXPRESS,0.0,0.5,12900.0,DOC,38.0
Kosovo,EXPRESS,1.01,10.0,8200.0,ADDER,38.0
Kosovo,EXPRESS,10.01,999.0,7900.0,FLAT_SLAB,38.0
Kyrgyzstan,EXPRESS,0.0,1.0,22900.0,BASE,38.0
Kyrgyzstan,EXPRESS,0.0,0.5,12900.0,DOC,38.0
Kyrgyzstan,EXPRESS,1.01,10.0,8200.0,ADDER,38.0
Kyrgyzstan,EXPRESS,10.01,999.0,7900.0,FLAT_SLAB,38.0
LATVIA,ECONOMY,0.0,1.0,16650.0,BASE,
LATVIA,ECONOMY,1.01,5.0,2400.0,ADDER,
LATVIA,ECONOMY,5.01,10.0,4570.0,FLAT_SLAB,
LATVIA,ECONOMY,10.01,15.0,3320.0,FLAT_SLAB,
LATVIA,ECONOMY,15.01,20.0,2990.0,FLAT_SLAB,
LATVIA,ECONOMY,20.01,25.0,2830.0,FLAT_SLAB,
LATVIA,ECONOMY,25.01,999.0,2830.0,FLAT_SLAB,
LITHUANIA,ECONOMY,0.0,1.0,16650.0,BASE,
LITHUANIA,ECONOMY,1.01,5.0,2400.0,ADDER,
LITHUANIA,ECONOMY,5.01,10.0,4570.0,FLAT_SLAB,
LITHUANIA,ECONOMY,10.01,15.0,3320.0,FLAT_SLAB,
LITHUANIA,ECONOMY,15.01,20.0,2990.0,FLAT_SLAB,
LITHUANIA,ECONOMY,20.01,25.0,2830.0,FLAT_SLAB,
LITHUANIA,ECONOMY,25.01,999.0,2830.0,FLAT_SLAB,
Lao People's Democr,EXPRESS,0.0,1.0,17700.0,BASE,14.0
Lao People's Democr,EXPRESS,0.0,0.5,9000.0,DOC,14.0
Lao People's Democr,EXPRESS,1.01,10.0,7100.0,ADDER,14.0
Lao People's Democr,EXPRESS,10.01,999.0,6800.0,FLAT_SLAB,14.0
Lebanon,EXPRESS,0.0,1.0,16900.0,BASE,35.0
Lebanon,EXPRESS,0.0,0.5,9300.0,DOC,35.0
Lebanon,EXPRESS,1.01,10.0,7400.0,ADDER,35.0
Lebanon,EXPRESS,10.01,999.0,6700.0,FLAT_SLAB,35.0
Lesotho,EXPRESS,0.0,1.0,22900.0,BASE,38.0
Lesotho,EXPRESS,0.0,0.5,12900.0,DOC,38.0
Lesotho,EXPRESS,1.01,10.0,8200.0,ADDER,38.0
Lesotho,EXPRESS,10.01,999.0,7900.0,FLAT_SLAB,38.0
Liberia,EXPRESS,0.0,1.0,22900.0,BASE,38.0
Liberia,EXPRESS,0.0,0.5,12900.0,DOC,38.0
Liberia,EXPRESS,1.01,10.0,8200.0,ADDER,38.0
Liberia,EXPRESS,10.01,999.0,7900.0,FLAT_SLAB,38.0
Libya,EXPRESS,0.0,1.0,22900.0,BASE,38.0
Libya,EXPRESS,0.0,0.5,12900.0,DOC,38.0
Libya,EXPRESS,1.01,10.0,8200.0,ADDER,38.0
Libya,EXPRESS,10.01,999.0,7900.0,FLAT_SLAB,38.0
Liechtenstein,EXPRESS,0.0,1.0,10500.0,BASE,24.0
Liechtenstein,EXPRESS,0.0,0.5,8600.0,DOC,24.0
Liechtenstein,EXPRESS,1.01,10.0,4200.0,ADDER,24.0
Liechtenstein,EXPRESS,10.01,999.0,3100.0,FLAT_SLAB,24.0
Lithuania,EXPRESS,0.0,1.0,22850.0,BASE,32.0
Lithuania,EXPRESS,0.0,0.5,12950.0,DOC,32.0
Lithuania,EXPRESS,1.01,10.0,7900.0,ADDER,32.0
Lithuania,EXPRESS,10.01,999.0,7600.0,FLAT_SLAB,32.0
Litvia,EXPRESS,0.0,1.0,22850.0,BASE,32.0
Litvia,EXPRESS,0.0,0.5,12950.0,DOC,32.0
Litvia,EXPRESS,1.01,10.0,7900.0,ADDER,32.0
Litvia,EXPRESS,10.01,999.0,7600.0,FLAT_SLAB,32.0
Luxembourg,EXPRESS,0.0,1.0,16500.0,BASE,30.0
Luxembourg,EXPRESS,0.0,0.5,8600.0,DOC,30.0
Luxembourg,EXPRESS,1.01,10.0,6600.0,ADDER,30.0
Luxembourg,EXPRESS,10.01,999.0,6300.0,FLAT_SLAB,30.0
Macau,EXPRESS,0.0,1.0,17700.0,BASE,8.0
Macau,EXPRESS,0.0,0.5,9000.0,DOC,8.0
Macau,EXPRESS,1.01,10.0,7150.0,ADDER,8.0
Macau,EXPRESS,10.01,999.0,6700.0,FLAT_SLAB,8.0
"Macedonia, Republic of",EXPRESS,0.0,1.0,22900.0,BASE,38.0
"Macedonia, Republic of",EXPRESS,0.0,0.5,12900.0,DOC,38.0
"Macedonia, Republic of",EXPRESS,1.01,10.0,8200.0,ADDER,38.0
"Macedonia, Republic of",EXPRESS,10.01,999.0,7900.0,FLAT_SLAB,38.0
Madagascar,EXPRESS,0.0,1.0,22900.0,BASE,38.0
Madagascar,EXPRESS,0.0,0.5,12900.0,DOC,38.0
Madagascar,EXPRESS,1.01,10.0,8200.0,ADDER,38.0
Madagascar,EXPRESS,10.01,999.0,7900.0,FLAT_SLAB,38.0
Malawi,EXPRESS,0.0,1.0,22900.0,BASE,38.0
Malawi,EXPRESS,0.0,0.5,12900.0,DOC,38.0
Malawi,EXPRESS,1.01,10.0,8200.0,ADDER,38.0
Malawi,EXPRESS,10.01,999.0,7900.0,FLAT_SLAB,38.0
Malaysia,EXPRESS,0.0,1.0,10150.0,BASE,12.0
Malaysia,EXPRESS,0.0,0.5,9000.0,DOC,12.0
Malaysia,EXPRESS,1.01,10.0,4750.0,ADDER,12.0
Malaysia,EXPRESS,10.01,999.0,3450.0,FLAT_SLAB,12.0
Maldives,EXPRESS,0.0,1.0,13350.0,BASE,4.0
Maldives,EXPRESS,0.0,0.5,7000.0,DOC,4.0
Maldives,EXPRESS,1.01,10.0,5500.0,ADDER,4.0
Maldives,EXPRESS,10.01,999.0,4300.0,FLAT_SLAB,4.0
Mali,EXPRESS,0.0,1.0,22900.0,BASE,38.0
Mali,EXPRESS,0.0,0.5,12900.0,DOC,38.0
Mali,EXPRESS,1.01,10.0,8200.0,ADDER,38.0
Mali,EXPRESS,10.01,999.0,7900.0,FLAT_SLAB,38.0
Malta,EXPRESS,0.0,1.0,19660.0,BASE,31.0
Malta,EXPRESS,0.0,0.5,8600.0,DOC,31.0
Malta,EXPRESS,1.01,10.0,6700.0,ADDER,31.0
Malta,EXPRESS,10.01,999.0,6400.0,FLAT_SLAB,31.0
Mariana Islands,EXPRESS,0.0,1.0,22900.0,BASE,38.0
Mariana Islands,EXPRESS,0.0,0.5,12900.0,DOC,38.0
Mariana Islands,EXPRESS,1.01,10.0,8200.0,ADDER,38.0
Mariana Islands,EXPRESS,10.01,999.0,7900.0,FLAT_SLAB,38.0
Marshall Islands,EXPRESS,0.0,1.0,22900.0,BASE,38.0
Marshall Islands,EXPRESS,0.0,0.5,12900.0,DOC,38.0
Marshall Islands,EXPRESS,1.01,10.0,8200.0,ADDER,38.0
Marshall Islands,EXPRESS,10.01,999.0,7900.0,FLAT_SLAB,38.0
Martinique,EXPRESS,0.0,1.0,22900.0,BASE,38.0
Martinique,EXPRESS,0.0,0.5,12900.0,DOC,38.0
Martinique,EXPRESS,1.01,10.0,8200.0,ADDER,38.0
Martinique,EXPRESS,10.01,999.0,7900.0,FLAT_SLAB,38.0
Mauritania,EXPRESS,0.0,1.0,22900.0,BASE,38.0
Mauritania,EXPRESS,0.0,0.5,12900.0,DOC,38.0
Mauritania,EXPRESS,1.01,10.0,8200.0,ADDER,38.0
Mauritania,EXPRESS,10.01,999.0,7900.0,FLAT_SLAB,38.0
Mauritius,EXPRESS,0.0,1.0,22900.0,BASE,38.0
Mauritius,EXPRESS,0.0,0.5,12900.0,DOC,38.0
Mauritius,EXPRESS,1.01,10.0,8200.0,ADDER,38.0
Mauritius,EXPRESS,10.01,999.0,7900.0,FLAT_SLAB,38.0
Mayotte,EXPRESS,0.0,1.0,22900.0,BASE,38.0
Mayotte,EXPRESS,0.0,0.5,12900.0,DOC,38.0
Mayotte,EXPRESS,1.01,10.0,8200.0,ADDER,38.0
Mayotte,EXPRESS,10.01,999.0,7900.0,FLAT_SLAB,38.0
Mexico,EXPRESS,0.0,1.0,18100.0,BASE,34.0
Mexico,EXPRESS,0.0,0.5,9000.0,DOC,34.0
Mexico,EXPRESS,1.01,10.0,6600.0,ADDER,34.0
Mexico,EXPRESS,10.01,999.0,6300.0,FLAT_SLAB,34.0
Micronesia Federated States of,EXPRESS,0.0,1.0,22900.0,BASE,38.0
Micronesia Federated States of,EXPRESS,0.0,0.5,12900.0,DOC,38.0
Micronesia Federated States of,EXPRESS,1.01,10.0,8200.0,ADDER,38.0
Micronesia Federated States of,EXPRESS,10.01,999.0,7900.0,FLAT_SLAB,38.0
Moldova Republic of,EXPRESS,0.0,1.0,22900.0,BASE,38.0
Moldova Republic of,EXPRESS,0.0,0.5,12900.0,DOC,38.0
Moldova Republic of,EXPRESS,1.01,10.0,8200.0,ADDER,38.0
Moldova Republic of,EXPRESS,10.01,999.0,7900.0,FLAT_SLAB,38.0
Monaco,EXPRESS,0.0,1.0,9000.0,BASE,21.0
Monaco,EXPRESS,0.0,0.5,8600.0,DOC,21.0
Monaco,EXPRESS,1.01,10.0,4700.0,ADDER,21.0
Monaco,EXPRESS,10.01,999.0,3750.0,FLAT_SLAB,21.0
Mongolia,EXPRESS,0.0,1.0,17700.0,BASE,36.0
Mongolia,EXPRESS,0.0,0.5,9300.0,DOC,36.0
Mongolia,EXPRESS,1.01,10.0,7400.0,ADDER,36.0
Mongolia,EXPRESS,10.01,999.0,7100.0,FLAT_SLAB,36.0
"Montenegro, republic of",EXPRESS,0.0,1.0,22900.0,BASE,38.0
"Montenegro, republic of",EXPRESS,0.0,0.5,12900.0,DOC,38.0
"Montenegro, republic of",EXPRESS,1.01,10.0,8200.0,ADDER,38.0
"Montenegro, republic of",EXPRESS,10.01,999.0,7900.0,FLAT_SLAB,38.0
Montserrat,EXPRESS,0.0,1.0,22900.0,BASE,38.0
Montserrat,EXPRESS,0.0,0.5,12900.0,DOC,38.0
Montserrat,EXPRESS,1.01,10.0,8200.0,ADDER,38.0
Montserrat,EXPRESS,10.01,999.0,7900.0,FLAT_SLAB,38.0
Morocco,EXPRESS,0.0,1.0,22900.0,BASE,38.0
Morocco,EXPRESS,0.0,0.5,12900.0,DOC,38.0
Morocco,EXPRESS,1.01,10.0,8200.0,ADDER,38.0
Morocco,EXPRESS,10.01,999.0,7900.0,FLAT_SLAB,38.0
Mozambique,EXPRESS,0.0,1.0,22900.0,BASE,38.0
Mozambique,EXPRESS,0.0,0.5,12900.0,DOC,38.0
Mozambique,EXPRESS,1.01,10.0,8200.0,ADDER,38.0
Mozambique,EXPRESS,10.01,999.0,7900.0,FLAT_SLAB,38.0
Myanmar,EXPRESS,0.0,1.0,17700.0,BASE,14.0
Myanmar,EXPRESS,0.0,0.5,9000.0,DOC,14.0
Myanmar,EXPRESS,1.01,10.0,7100.0,ADDER,14.0
Myanmar,EXPRESS,10.01,999.0,6800.0,FLAT_SLAB,14.0
NETHERLAND,ECONOMY,0.0,1.0,9470.0,BASE,
NETHERLAND,ECONOMY,1.01,5.0,2400.0,ADDER,
NETHERLAND,ECONOMY,5.01,10.0,3745.0,FLAT_SLAB,
NETHERLAND,ECONOMY,10.01,15.0,2790.0,FLAT_SLAB,
NETHERLAND,ECONOMY,15.01,20.0,2660.0,FLAT_SLAB,
NETHERLAND,ECONOMY,20.01,25.0,2560.0,FLAT_SLAB,
NETHERLAND,ECONOMY,25.01,999.0,2530.0,FLAT_SLAB,
NEW ZEALAND,ECONOMY,0.0,1.0,12230.0,BASE,
NEW ZEALAND,ECONOMY,1.01,5.0,2400.0,ADDER,
NEW ZEALAND,ECONOMY,5.01,10.0,4150.0,FLAT_SLAB,
NEW ZEALAND,ECONOMY,10.01,15.0,3420.0,FLAT_SLAB,
NEW ZEALAND,ECONOMY,15.01,20.0,3170.0,FLAT_SLAB,
NEW ZEALAND,ECONOMY,20.01,25.0,3050.0,FLAT_SLAB,
NEW ZEALAND,ECONOMY,25.01,999.0,3050.0,FLAT_SLAB,
NORWAY,ECONOMY,0.0,1.0,16500.0,BASE,
NORWAY,ECONOMY,1.01,5.0,2400.0,ADDER,
NORWAY,ECONOMY,5.01,10.0,5220.0,FLAT_SLAB,
NORWAY,ECONOMY,10.01,15.0,3680.0,FLAT_SLAB,
NORWAY,ECONOMY,15.01,20.0,3280.0,FLAT_SLAB,
NORWAY,ECONOMY,20.01,25.0,3740.0,FLAT_SLAB,
NORWAY,ECONOMY,25.01,999.0,3550.0,FLAT_SLAB,
Namibia,EXPRESS,0.0,1.0,22900.0,BASE,38.0
Namibia,EXPRESS,0.0,0.5,12900.0,DOC,38.0
Namibia,EXPRESS,1.01,10.0,8200.0,ADDER,38.0
Namibia,EXPRESS,10.01,999.0,7900.0,FLAT_SLAB,38.0
"Nauru, Republic of",EXPRESS,0.0,1.0,22900.0,BASE,38.0
"Nauru, Republic of",EXPRESS,0.0,0.5,12900.0,DOC,38.0
"Nauru, Republic of",EXPRESS,1.01,10.0,8200.0,ADDER,38.0
"Nauru, Republic of",EXPRESS,10.01,999.0,7900.0,FLAT_SLAB,38.0
Nepal,EXPRESS,0.0,1.0,17700.0,BASE,14.0
Nepal,EXPRESS,0.0,0.5,9000.0,DOC,14.0
Nepal,EXPRESS,1.01,10.0,7100.0,ADDER,14.0
Nepal,EXPRESS,10.01,999.0,6800.0,FLAT_SLAB,14.0
Netherland Antilles,EXPRESS,0.0,1.0,8600.0,BASE,20.0
Netherland Antilles,EXPRESS,0.0,0.5,8600.0,DOC,20.0
Netherland Antilles,EXPRESS,1.01,10.0,4700.0,ADDER,20.0
Netherland Antilles,EXPRESS,10.01,999.0,3330.0,FLAT_SLAB,20.0
"Netherlands, The",EXPRESS,0.0,1.0,8600.0,BASE,20.0
"Netherlands, The",EXPRESS,0.0,0.5,8600.0,DOC,20.0
"Netherlands, The",EXPRESS,1.01,10.0,4700.0,ADDER,20.0
"Netherlands, The",EXPRESS,10.01,999.0,3330.0,FLAT_SLAB,20.0
Nevis,EXPRESS,0.0,1.0,22900.0,BASE,38.0
Nevis,EXPRESS,0.0,0.5,12900.0,DOC,38.0
Nevis,EXPRESS,1.01,10.0,8200.0,ADDER,38.0
Nevis,EXPRESS,10.01,999.0,7900.0,FLAT_SLAB,38.0
New Caledonia,EXPRESS,0.0,1.0,22900.0,BASE,38.0
New Caledonia,EXPRESS,0.0,0.5,12900.0,DOC,38.0
New Caledonia,EXPRESS,1.01,10.0,8200.0,ADDER,38.0
New Caledonia,EXPRESS,10.01,999.0,7900.0,FLAT_SLAB,38.0
NewZealand,EXPRESS,0.0,1.0,10550.0,BASE,17.0
NewZealand,EXPRESS,0.0,0.5,9000.0,DOC,17.0
NewZealand,EXPRESS,1.01,10.0,4330.0,ADDER,17.0
NewZealand,EXPRESS,10.01,999.0,3450.0,FLAT_SLAB,17.0
Nicarague,EXPRESS,0.0,1.0,22900.0,BASE,38.0
Nicarague,EXPRESS,0.0,0.5,12900.0,DOC,38.0
Nicarague,EXPRESS,1.01,10.0,8200.0,ADDER,38.0
Nicarague,EXPRESS,10.01,999.0,7900.0,FLAT_SLAB,38.0
Niger,EXPRESS,0.0,1.0,22900.0,BASE,38.0
Niger,EXPRESS,0.0,0.5,12900.0,DOC,38.0
Niger,EXPRESS,1.01,10.0,8200.0,ADDER,38.0
Niger,EXPRESS,10.01,999.0,7900.0,FLAT_SLAB,38.0
Nigeria,EXPRESS,0.0,1.0,22900.0,BASE,38.0
Nigeria,EXPRESS,0.0,0.5,12900.0,DOC,38.0
Nigeria,EXPRESS,1.01,10.0,8200.0,ADDER,38.0
Nigeria,EXPRESS,10.01,999.0,7900.0,FLAT_SLAB,38.0
Niue,EXPRESS,0.0,1.0,22900.0,BASE,38.0
Niue,EXPRESS,0.0,0.5,12900.0,DOC,38.0
Niue,EXPRESS,1.01,10.0,8200.0,ADDER,38.0
Niue,EXPRESS,10.01,999.0,7900.0,FLAT_SLAB,38.0
North Macedonia,EXPRESS,0.0,1.0,22900.0,BASE,38.0
North Macedonia,EXPRESS,0.0,0.5,12900.0,DOC,38.0
North Macedonia,EXPRESS,1.01,10.0,8200.0,ADDER,38.0
North Macedonia,EXPRESS,10.01,999.0,7900.0,FLAT_SLAB,38.0
Norway,EXPRESS,0.0,1.0,10600.0,BASE,26.0
Norway,EXPRESS,0.0,0.5,8600.0,DOC,26.0
Norway,EXPRESS,1.01,10.0,4330.0,ADDER,26.0
Norway,EXPRESS,10.01,999.0,3700.0,FLAT_SLAB,26.0
Oman,EXPRESS,0.0,1.0,16900.0,BASE,10.0
Oman,EXPRESS,0.0,0.5,9400.0,DOC,10.0
Oman,EXPRESS,1.01,10.0,7490.0,ADDER,10.0
Oman,EXPRESS,10.01,999.0,7200.0,FLAT_SLAB,10.0
POLAND,ECONOMY,0.0,1.0,11300.0,BASE,
POLAND,ECONOMY,1.01,5.0,2400.0,ADDER,
POLAND,ECONOMY,5.01,10.0,4080.0,FLAT_SLAB,
POLAND,ECONOMY,10.01,15.0,3090.0,FLAT_SLAB,
POLAND,ECONOMY,15.01,20.0,2930.0,FLAT_SLAB,
POLAND,ECONOMY,20.01,25.0,2810.0,FLAT_SLAB,
POLAND,ECONOMY,25.01,999.0,2790.0,FLAT_SLAB,
PORTUGAL,ECONOMY,0.0,1.0,16380.0,BASE,
PORTUGAL,ECONOMY,1.01,5.0,2400.0,ADDER,
PORTUGAL,ECONOMY,5.01,10.0,4250.0,FLAT_SLAB,
PORTUGAL,ECONOMY,10.01,15.0,3300.0,FLAT_SLAB,
PORTUGAL,ECONOMY,15.01,20.0,2910.0,FLAT_SLAB,
PORTUGAL,ECONOMY,20.01,25.0,2740.0,FLAT_SLAB,
PORTUGAL,ECONOMY,25.01,999.0,2730.0,FLAT_SLAB,
Pakistan,EXPRESS,0.0,1.0,16900.0,BASE,10.0
Pakistan,EXPRESS,0.0,0.5,9400.0,DOC,10.0
Pakistan,EXPRESS,1.01,10.0,7490.0,ADDER,10.0
Pakistan,EXPRESS,10.01,999.0,7200.0,FLAT_SLAB,10.0
Palau,EXPRESS,0.0,1.0,22900.0,BASE,38.0
Palau,EXPRESS,0.0,0.5,12900.0,DOC,38.0
Palau,EXPRESS,1.01,10.0,8200.0,ADDER,38.0
Palau,EXPRESS,10.01,999.0,7900.0,FLAT_SLAB,38.0
Panama,EXPRESS,0.0,1.0,22900.0,BASE,38.0
Panama,EXPRESS,0.0,0.5,12900.0,DOC,38.0
Panama,EXPRESS,1.01,10.0,8200.0,ADDER,38.0
Panama,EXPRESS,10.01,999.0,7900.0,FLAT_SLAB,38.0
Papua New Guinea,EXPRESS,0.0,1.0,22900.0,BASE,38.0
Papua New Guinea,EXPRESS,0.0,0.5,12900.0,DOC,38.0
Papua New Guinea,EXPRESS,1.01,10.0,8200.0,ADDER,38.0
Papua New Guinea,EXPRESS,10.01,999.0,7900.0,FLAT_SLAB,38.0
Paraguay,EXPRESS,0.0,1.0,22900.0,BASE,38.0
Paraguay,EXPRESS,0.0,0.5,12900.0,DOC,38.0
Paraguay,EXPRESS,1.01,10.0,8200.0,ADDER,38.0
Paraguay,EXPRESS,10.01,999.0,7900.0,FLAT_SLAB,38.0
Peru,EXPRESS,0.0,1.0,22900.0,BASE,38.0
Peru,EXPRESS,0.0,0.5,12900.0,DOC,38.0
Peru,EXPRESS,1.01,10.0,8200.0,ADDER,38.0
Peru,EXPRESS,10.01,999.0,7900.0,FLAT_SLAB,38.0
Pjiliphinnes,EXPRESS,0.0,1.0,17700.0,BASE,14.0
Pjiliphinnes,EXPRESS,0.0,0.5,9000.0,DOC,14.0
Pjiliphinnes,EXPRESS,1.01,10.0,7100.0,ADDER,14.0
Pjiliphinnes,EXPRESS,10.01,999.0,6800.0,FLAT_SLAB,14.0
Poland,EXPRESS,0.0,1.0,19660.0,BASE,31.0
Poland,EXPRESS,0.0,0.5,8600.0,DOC,31.0
Poland,EXPRESS,1.01,10.0,6700.0,ADDER,31.0
Poland,EXPRESS,10.01,999.0,6400.0,FLAT_SLAB,31.0
Portugal,EXPRESS,0.0,1.0,19660.0,BASE,31.0
Portugal,EXPRESS,0.0,0.5,8600.0,DOC,31.0
Portugal,EXPRESS,1.01,10.0,6700.0,ADDER,31.0
Portugal,EXPRESS,10.01,999.0,6400.0,FLAT_SLAB,31.0
Puerto Rico,EXPRESS,0.0,1.0,22900.0,BASE,38.0
Puerto Rico,EXPRESS,0.0,0.5,12900.0,DOC,38.0
Puerto Rico,EXPRESS,1.01,10.0,8200.0,ADDER,38.0
Puerto Rico,EXPRESS,10.01,999.0,7900.0,FLAT_SLAB,38.0
Qatar,EXPRESS,0.0,1.0,10600.0,BASE,9.0
Qatar,EXPRESS,0.0,0.5,9000.0,DOC,9.0
Qatar,EXPRESS,1.01,10.0,4750.0,ADDER,9.0
Qatar,EXPRESS,10.01,999.0,3600.0,FLAT_SLAB,9.0
ROMANIA,ECONOMY,0.0,1.0,17700.0,BASE,
ROMANIA,ECONOMY,1.01,5.0,2400.0,ADDER,
ROMANIA,ECONOMY,5.01,10.0,4850.0,FLAT_SLAB,
ROMANIA,ECONOMY,10.01,15.0,3470.0,FLAT_SLAB,
ROMANIA,ECONOMY,15.01,20.0,3060.0,FLAT_SLAB,
ROMANIA,ECONOMY,20.01,25.0,2850.0,FLAT_SLAB,
ROMANIA,ECONOMY,25.01,999.0,2760.0,FLAT_SLAB,
"Reunion, Islands of",EXPRESS,0.0,1.0,22900.0,BASE,38.0
"Reunion, Islands of",EXPRESS,0.0,0.5,12900.0,DOC,38.0
"Reunion, Islands of",EXPRESS,1.01,10.0,8200.0,ADDER,38.0
"Reunion, Islands of",EXPRESS,10.01,999.0,7900.0,FLAT_SLAB,38.0
Romania,EXPRESS,0.0,1.0,19660.0,BASE,31.0
Romania,EXPRESS,0.0,0.5,8600.0,DOC,31.0
Romania,EXPRESS,1.01,10.0,6700.0,ADDER,31.0
Romania,EXPRESS,10.01,999.0,6400.0,FLAT_SLAB,31.0
Russia,EXPRESS,0.0,1.0,20150.0,BASE,37.0
Russia,EXPRESS,0.0,0.5,9400.0,DOC,37.0
Russia,EXPRESS,1.01,10.0,7100.0,ADDER,37.0
Russia,EXPRESS,10.01,999.0,6700.0,FLAT_SLAB,37.0
Rwanda,EXPRESS,0.0,1.0,22900.0,BASE,38.0
Rwanda,EXPRESS,0.0,0.5,12900.0,DOC,38.0
Rwanda,EXPRESS,1.01,10.0,8200.0,ADDER,38.0
Rwanda,EXPRESS,10.01,999.0,7900.0,FLAT_SLAB,38.0
SCOTLAND,ECONOMY,0.0,1.0,6930.0,BASE,
SCOTLAND,ECONOMY,1.01,5.0,2400.0,ADDER,
SCOTLAND,ECONOMY,5.01,10.0,2450.0,FLAT_SLAB,
SCOTLAND,ECONOMY,10.01,15.0,1890.0,FLAT_SLAB,
SCOTLAND,ECONOMY,15.01,20.0,1820.0,FLAT_SLAB,
SCOTLAND,ECONOMY,20.01,25.0,1790.0,FLAT_SLAB,
SCOTLAND,ECONOMY,25.01,999.0,1770.0,FLAT_SLAB,
SLOVAKIA,ECONOMY,0.0,1.0,15500.0,BASE,
SLOVAKIA,ECONOMY,1.01,5.0,2400.0,ADDER,
SLOVAKIA,ECONOMY,5.01,10.0,4240.0,FLAT_SLAB,
SLOVAKIA,ECONOMY,10.01,15.0,3090.0,FLAT_SLAB,
SLOVAKIA,ECONOMY,15.01,20.0,2960.0,FLAT_SLAB,
SLOVAKIA,ECONOMY,20.01,25.0,2760.0,FLAT_SLAB,
SLOVAKIA,ECONOMY,25.01,999.0,2730.0,FLAT_SLAB,
SLOVENIA,ECONOMY,0.0,1.0,15450.0,BASE,
SLOVENIA,ECONOMY,1.01,5.0,2400.0,ADDER,
SLOVENIA,ECONOMY,5.01,10.0,4240.0,FLAT_SLAB,
SLOVENIA,ECONOMY,10.01,15.0,3090.0,FLAT_SLAB,
SLOVENIA,ECONOMY,15.01,20.0,2960.0,FLAT_SLAB,
SLOVENIA,ECONOMY,20.01,25.0,2760.0,FLAT_SLAB,
SLOVENIA,ECONOMY,25.01,999.0,2730.0,FLAT_SLAB,
SPAIN,ECONOMY,0.0,1.0,12950.0,BASE,
SPAIN,ECONOMY,1.01,5.0,2400.0,ADDER,
SPAIN,ECONOMY,5.01,10.0,4075.0,FLAT_SLAB,
SPAIN,ECONOMY,10.01,15.0,3170.0,FLAT_SLAB,
SPAIN,ECONOMY,15.01,20.0,2910.0,FLAT_SLAB,
SPAIN,ECONOMY,20.01,25.0,2760.0,FLAT_SLAB,
SPAIN,ECONOMY,25.01,999.0,2280.0,FLAT_SLAB,
SWEDEN,ECONOMY,0.0,1.0,12950.0,BASE,
SWEDEN,ECONOMY,1.01,5.0,2400.0,ADDER,
SWEDEN,ECONOMY,5.01,10.0,4080.0,FLAT_SLAB,
SWEDEN,ECONOMY,10.01,15.0,3170.0,FLAT_SLAB,
SWEDEN,ECONOMY,15.01,20.0,2910.0,FLAT_SLAB,
SWEDEN,ECONOMY,20.01,25.0,2760.0,FLAT_SLAB,
SWEDEN,ECONOMY,25.01,999.0,2730.0,FLAT_SLAB,
SWITZERLAND,ECONOMY,0.0,1.0,9800.0,BASE,
SWITZERLAND,ECONOMY,1.01,5.0,2400.0,ADDER,
SWITZERLAND,ECONOMY,5.01,10.0,3920.0,FLAT_SLAB,
SWITZERLAND,ECONOMY,10.01,15.0,3000.0,FLAT_SLAB,
SWITZERLAND,ECONOMY,15.01,20.0,2850.0,FLAT_SLAB,
SWITZERLAND,ECONOMY,20.01,25.0,2300.0,FLAT_SLAB,
SWITZERLAND,ECONOMY,25.01,999.0,2300.0,FLAT_SLAB,
Saint Helena,EXPRESS,0.0,1.0,22900.0,BASE,38.0
Saint Helena,EXPRESS,0.0,0.5,12900.0,DOC,38.0
Saint Helena,EXPRESS,1.01,10.0,8200.0,ADDER,38.0
Saint Helena,EXPRESS,10.01,999.0,7900.0,FLAT_SLAB,38.0
Saipan,EXPRESS,0.0,1.0,22900.0,BASE,38.0
Saipan,EXPRESS,0.0,0.5,12900.0,DOC,38.0
Saipan,EXPRESS,1.01,10.0,8200.0,ADDER,38.0
Saipan,EXPRESS,10.01,999.0,7900.0,FLAT_SLAB,38.0
Samoa,EXPRESS,0.0,1.0,22900.0,BASE,38.0
Samoa,EXPRESS,0.0,0.5,12900.0,DOC,38.0
Samoa,EXPRESS,1.01,10.0,8200.0,ADDER,38.0
Samoa,EXPRESS,10.01,999.0,7900.0,FLAT_SLAB,38.0
San Marino,EXPRESS,0.0,1.0,22900.0,BASE,38.0
San Marino,EXPRESS,0.0,0.5,12900.0,DOC,38.0
San Marino,EXPRESS,1.01,10.0,8200.0,ADDER,38.0
San Marino,EXPRESS,10.01,999.0,7900.0,FLAT_SLAB,38.0
Sao Tome & Principe,EXPRESS,0.0,1.0,22900.0,BASE,38.0
Sao Tome & Principe,EXPRESS,0.0,0.5,12900.0,DOC,38.0
Sao Tome & Principe,EXPRESS,1.01,10.0,8200.0,ADDER,38.0
Sao Tome & Principe,EXPRESS,10.01,999.0,7900.0,FLAT_SLAB,38.0
Saudi Arabia,EXPRESS,0.0,1.0,16900.0,BASE,10.0
Saudi Arabia,EXPRESS,0.0,0.5,9400.0,DOC,10.0
Saudi Arabia,EXPRESS,1.01,10.0,7490.0,ADDER,10.0
Saudi Arabia,EXPRESS,10.01,999.0,7200.0,FLAT_SLAB,10.0
Senegal,EXPRESS,0.0,1.0,22900.0,BASE,38.0
Senegal,EXPRESS,0.0,0.5,12900.0,DOC,38.0
Senegal,EXPRESS,1.01,10.0,8200.0,ADDER,38.0
Senegal,EXPRESS,10.01,999.0,7900.0,FLAT_SLAB,38.0
Serbia,EXPRESS,0.0,1.0,20150.0,BASE,37.0
Serbia,EXPRESS,0.0,0.5,9400.0,DOC,37.0
Serbia,EXPRESS,1.01,10.0,7100.0,ADDER,37.0
Serbia,EXPRESS,10.01,999.0,6700.0,FLAT_SLAB,37.0
Seychelles,EXPRESS,0.0,1.0,22900.0,BASE,38.0
Seychelles,EXPRESS,0.0,0.5,12900.0,DOC,38.0
Seychelles,EXPRESS,1.01,10.0,8200.0,ADDER,38.0
Seychelles,EXPRESS,10.01,999.0,7900.0,FLAT_SLAB,38.0
Sierra Leon,EXPRESS,0.0,1.0,22900.0,BASE,38.0
Sierra Leon,EXPRESS,0.0,0.5,12900.0,DOC,38.0
Sierra Leon,EXPRESS,1.01,10.0,8200.0,ADDER,38.0
Sierra Leon,EXPRESS,10.01,999.0,7900.0,FLAT_SLAB,38.0
Singapore,EXPRESS,0.0,1.0,6250.0,BASE,1.0
Singapore,EXPRESS,0.0,0.5,7000.0,DOC,1.0
Singapore,EXPRESS,1.01,10.0,3950.0,ADDER,1.0
Singapore,EXPRESS,10.01,999.0,3500.0,FLAT_SLAB,1.0
Slovakia,EXPRESS,0.0,1.0,22850.0,BASE,32.0
Slovakia,EXPRESS,0.0,0.5,12950.0,DOC,32.0
Slovakia,EXPRESS,1.01,10.0,7900.0,ADDER,32.0
Slovakia,EXPRESS,10.01,999.0,7600.0,FLAT_SLAB,32.0
Slovenia,EXPRESS,0.0,1.0,22850.0,BASE,32.0
Slovenia,EXPRESS,0.0,0.5,12950.0,DOC,32.0
Slovenia,EXPRESS,1.01,10.0,7900.0,ADDER,32.0
Slovenia,EXPRESS,10.01,999.0,7600.0,FLAT_SLAB,32.0
Solomon Islands,EXPRESS,0.0,1.0,22900.0,BASE,38.0
Solomon Islands,EXPRESS,0.0,0.5,12900.0,DOC,38.0
Solomon Islands,EXPRESS,1.01,10.0,8200.0,ADDER,38.0
Solomon Islands,EXPRESS,10.01,999.0,7900.0,FLAT_SLAB,38.0
Somalia,EXPRESS,0.0,1.0,22900.0,BASE,38.0
Somalia,EXPRESS,0.0,0.5,12900.0,DOC,38.0
Somalia,EXPRESS,1.01,10.0,8200.0,ADDER,38.0
Somalia,EXPRESS,10.01,999.0,7900.0,FLAT_SLAB,38.0
"Somaliland, Rep of (North Somalia)",EXPRESS,0.0,1.0,22900.0,BASE,38.0
"Somaliland, Rep of (North Somalia)",EXPRESS,0.0,0.5,12900.0,DOC,38.0
"Somaliland, Rep of (North Somalia)",EXPRESS,1.01,10.0,8200.0,ADDER,38.0
"Somaliland, Rep of (North Somalia)",EXPRESS,10.01,999.0,7900.0,FLAT_SLAB,38.0
South Africa,EXPRESS,0.0,1.0,22900.0,BASE,38.0
South Africa,EXPRESS,0.0,0.5,12900.0,DOC,38.0
South Africa,EXPRESS,1.01,10.0,8200.0,ADDER,38.0
South Africa,EXPRESS,10.01,999.0,7900.0,FLAT_SLAB,38.0
South Sudab,EXPRESS,0.0,1.0,22900.0,BASE,38.0
South Sudab,EXPRESS,0.0,0.5,12900.0,DOC,38.0
South Sudab,EXPRESS,1.01,10.0,8200.0,ADDER,38.0
South Sudab,EXPRESS,10.01,999.0,7900.0,FLAT_SLAB,38.0
Spain,EXPRESS,0.0,1.0,19660.0,BASE,31.0
Spain,EXPRESS,0.0,0.5,8600.0,DOC,31.0
Spain,EXPRESS,1.01,10.0,6700.0,ADDER,31.0
Spain,EXPRESS,10.01,999.0,6400.0,FLAT_SLAB,31.0
St. Barthelemy,EXPRESS,0.0,1.0,22900.0,BASE,38.0
St. Barthelemy,EXPRESS,0.0,0.5,12900.0,DOC,38.0
St. Barthelemy,EXPRESS,1.01,10.0,8200.0,ADDER,38.0
St. Barthelemy,EXPRESS,10.01,999.0,7900.0,FLAT_SLAB,38.0
St. Eustatius,EXPRESS,0.0,1.0,22900.0,BASE,38.0
St. Eustatius,EXPRESS,0.0,0.5,12900.0,DOC,38.0
St. Eustatius,EXPRESS,1.01,10.0,8200.0,ADDER,38.0
St. Eustatius,EXPRESS,10.01,999.0,7900.0,FLAT_SLAB,38.0
St. Kitts,EXPRESS,0.0,1.0,22900.0,BASE,38.0
St. Kitts,EXPRESS,0.0,0.5,12900.0,DOC,38.0
St. Kitts,EXPRESS,1.01,10.0,8200.0,ADDER,38.0
St. Kitts,EXPRESS,10.01,999.0,7900.0,FLAT_SLAB,38.0
St. Vincent,EXPRESS,0.0,1.0,22900.0,BASE,38.0
St. Vincent,EXPRESS,0.0,0.5,12900.0,DOC,38.0
St. Vincent,EXPRESS,1.01,10.0,8200.0,ADDER,38.0
St. Vincent,EXPRESS,10.01,999.0,7900.0,FLAT_SLAB,38.0
St.Lucia,EXPRESS,0.0,1.0,22900.0,BASE,38.0
St.Lucia,EXPRESS,0.0,0.5,12900.0,DOC,38.0
St.Lucia,EXPRESS,1.01,10.0,8200.0,ADDER,38.0
St.Lucia,EXPRESS,10.01,999.0,7900.0,FLAT_SLAB,38.0
St.Maarten,EXPRESS,0.0,1.0,22900.0,BASE,38.0
St.Maarten,EXPRESS,0.0,0.5,12900.0,DOC,38.0
St.Maarten,EXPRESS,1.01,10.0,8200.0,ADDER,38.0
St.Maarten,EXPRESS,10.01,999.0,7900.0,FLAT_SLAB,38.0
Sudan,EXPRESS,0.0,1.0,22900.0,BASE,38.0
Sudan,EXPRESS,0.0,0.5,12900.0,DOC,38.0
Sudan,EXPRESS,1.01,10.0,8200.0,ADDER,38.0
Sudan,EXPRESS,10.01,999.0,7900.0,FLAT_SLAB,38.0
Suriname,EXPRESS,0.0,1.0,22900.0,BASE,38.0
Suriname,EXPRESS,0.0,0.5,12900.0,DOC,38.0
Suriname,EXPRESS,1.01,10.0,8200.0,ADDER,38.0
Suriname,EXPRESS,10.01,999.0,7900.0,FLAT_SLAB,38.0
Swaziland,EXPRESS,0.0,1.0,22900.0,BASE,38.0
Swaziland,EXPRESS,0.0,0.5,12900.0,DOC,38.0
Swaziland,EXPRESS,1.01,10.0,8200.0,ADDER,38.0
Swaziland,EXPRESS,10.01,999.0,7900.0,FLAT_SLAB,38.0
Sweden,EXPRESS,0.0,1.0,10600.0,BASE,26.0
Sweden,EXPRESS,0.0,0.5,8600.0,DOC,26.0
Sweden,EXPRESS,1.01,10.0,4330.0,ADDER,26.0
Sweden,EXPRESS,10.01,999.0,3700.0,FLAT_SLAB,26.0
Switzerland,EXPRESS,0.0,1.0,10600.0,BASE,24.0
Switzerland,EXPRESS,0.0,0.5,8600.0,DOC,24.0
Switzerland,EXPRESS,1.01,10.0,4330.0,ADDER,24.0
Switzerland,EXPRESS,10.01,999.0,3350.0,FLAT_SLAB,24.0
Syria,EXPRESS,0.0,1.0,16900.0,BASE,35.0
Syria,EXPRESS,0.0,0.5,9300.0,DOC,35.0
Syria,EXPRESS,1.01,10.0,7400.0,ADDER,35.0
Syria,EXPRESS,10.01,999.0,6700.0,FLAT_SLAB,35.0
Tahiti,EXPRESS,0.0,1.0,22900.0,BASE,38.0
Tahiti,EXPRESS,0.0,0.5,12900.0,DOC,38.0
Tahiti,EXPRESS,1.01,10.0,8200.0,ADDER,38.0
Tahiti,EXPRESS,10.01,999.0,7900.0,FLAT_SLAB,38.0
Taiwan,EXPRESS,0.0,1.0,15300.0,BASE,7.0
Taiwan,EXPRESS,0.0,0.5,8250.0,DOC,7.0
Taiwan,EXPRESS,1.01,10.0,6600.0,ADDER,7.0
Taiwan,EXPRESS,10.01,999.0,6300.0,FLAT_SLAB,7.0
Tajikistan,EXPRESS,0.0,1.0,22900.0,BASE,38.0
Tajikistan,EXPRESS,0.0,0.5,12900.0,DOC,38.0
Tajikistan,EXPRESS,1.01,10.0,8200.0,ADDER,38.0
Tajikistan,EXPRESS,10.01,999.0,7900.0,FLAT_SLAB,38.0
Thailand,EXPRESS,0.0,1.0,10550.0,BASE,13.0
Thailand,EXPRESS,0.0,0.5,9000.0,DOC,13.0
Thailand,EXPRESS,1.01,10.0,5150.0,ADDER,13.0
Thailand,EXPRESS,10.01,999.0,3950.0,FLAT_SLAB,13.0
Thanzania,EXPRESS,0.0,1.0,22900.0,BASE,38.0
Thanzania,EXPRESS,0.0,0.5,12900.0,DOC,38.0
Thanzania,EXPRESS,1.01,10.0,8200.0,ADDER,38.0
Thanzania,EXPRESS,10.01,999.0,7900.0,FLAT_SLAB,38.0
Timor-Lester,EXPRESS,0.0,1.0,22900.0,BASE,38.0
Timor-Lester,EXPRESS,0.0,0.5,12900.0,DOC,38.0
Timor-Lester,EXPRESS,1.01,10.0,8200.0,ADDER,38.0
Timor-Lester,EXPRESS,10.01,999.0,7900.0,FLAT_SLAB,38.0
Togo,EXPRESS,0.0,1.0,22900.0,BASE,38.0
Togo,EXPRESS,0.0,0.5,12900.0,DOC,38.0
Togo,EXPRESS,1.01,10.0,8200.0,ADDER,38.0
Togo,EXPRESS,10.01,999.0,7900.0,FLAT_SLAB,38.0
Tongo,EXPRESS,0.0,1.0,22900.0,BASE,38.0
Tongo,EXPRESS,0.0,0.5,12900.0,DOC,38.0
Tongo,EXPRESS,1.01,10.0,8200.0,ADDER,38.0
Tongo,EXPRESS,10.01,999.0,7900.0,FLAT_SLAB,38.0
Trinidad & Tobago,EXPRESS,0.0,1.0,22900.0,BASE,38.0
Trinidad & Tobago,EXPRESS,0.0,0.5,12900.0,DOC,38.0
Trinidad & Tobago,EXPRESS,1.01,10.0,8200.0,ADDER,38.0
Trinidad & Tobago,EXPRESS,10.01,999.0,7900.0,FLAT_SLAB,38.0
Tunisia,EXPRESS,0.0,1.0,22900.0,BASE,38.0
Tunisia,EXPRESS,0.0,0.5,12900.0,DOC,38.0
Tunisia,EXPRESS,1.01,10.0,8200.0,ADDER,38.0
Tunisia,EXPRESS,10.01,999.0,7900.0,FLAT_SLAB,38.0
Turkey,EXPRESS,0.0,1.0,19660.0,BASE,31.0
Turkey,EXPRESS,0.0,0.5,8600.0,DOC,31.0
Turkey,EXPRESS,1.01,10.0,6700.0,ADDER,31.0
Turkey,EXPRESS,10.01,999.0,6400.0,FLAT_SLAB,31.0
Turkmenistan,EXPRESS,0.0,1.0,22900.0,BASE,38.0
Turkmenistan,EXPRESS,0.0,0.5,12900.0,DOC,38.0
Turkmenistan,EXPRESS,1.01,10.0,8200.0,ADDER,38.0
Turkmenistan,EXPRESS,10.01,999.0,7900.0,FLAT_SLAB,38.0
Turks & Caicos Islands,EXPRESS,0.0,1.0,22900.0,BASE,38.0
Turks & Caicos Islands,EXPRESS,0.0,0.5,12900.0,DOC,38.0
Turks & Caicos Islands,EXPRESS,1.01,10.0,8200.0,ADDER,38.0
Turks & Caicos Islands,EXPRESS,10.01,999.0,7900.0,FLAT_SLAB,38.0
Tuvalu,EXPRESS,0.0,1.0,22900.0,BASE,38.0
Tuvalu,EXPRESS,0.0,0.5,12900.0,DOC,38.0
Tuvalu,EXPRESS,1.01,10.0,8200.0,ADDER,38.0
Tuvalu,EXPRESS,10.01,999.0,7900.0,FLAT_SLAB,38.0
UAE,EXPRESS,0.0,1.0,7800.0,BASE,3.0
UAE,EXPRESS,0.0,0.5,7000.0,DOC,3.0
UAE,EXPRESS,1.01,10.0,4350.0,ADDER,3.0
UAE,EXPRESS,10.01,999.0,3550.0,FLAT_SLAB,3.0
UK,ECONOMY,0.0,1.0,7000.0,BASE,
UK,ECONOMY,1.01,5.0,2100.0,ADDER,
UK,ECONOMY,5.01,10.0,2180.0,FLAT_SLAB,
UK,ECONOMY,10.01,15.0,1760.0,FLAT_SLAB,
UK,ECONOMY,15.01,20.0,1650.0,FLAT_SLAB,
UK,ECONOMY,20.01,25.0,1615.0,FLAT_SLAB,
UK,ECONOMY,25.01,999.0,1590.0,FLAT_SLAB,
UK,EXPRESS,0.0,1.0,6630.0,BASE,18.0
UK,EXPRESS,0.0,0.5,7000.0,DOC,18.0
UK,EXPRESS,1.01,10.0,3950.0,ADDER,18.0
UK,EXPRESS,10.01,999.0,2850.0,FLAT_SLAB,18.0
USA,EXPRESS,0.0,1.0,9800.0,BASE,33.0
USA,EXPRESS,0.0,0.5,9000.0,DOC,33.0
USA,EXPRESS,1.01,10.0,4700.0,ADDER,33.0
USA,EXPRESS,10.01,999.0,3750.0,FLAT_SLAB,33.0
Uganda,EXPRESS,0.0,1.0,22900.0,BASE,38.0
Uganda,EXPRESS,0.0,0.5,12900.0,DOC,38.0
Uganda,EXPRESS,1.01,10.0,8200.0,ADDER,38.0
Uganda,EXPRESS,10.01,999.0,7900.0,FLAT_SLAB,38.0
Ukraine,EXPRESS,0.0,1.0,22900.0,BASE,38.0
Ukraine,EXPRESS,0.0,0.5,12900.0,DOC,38.0
Ukraine,EXPRESS,1.01,10.0,8200.0,ADDER,38.0
Ukraine,EXPRESS,10.01,999.0,7900.0,FLAT_SLAB,38.0
Uruguay,EXPRESS,0.0,1.0,22900.0,BASE,38.0
Uruguay,EXPRESS,0.0,0.5,12900.0,DOC,38.0
Uruguay,EXPRESS,1.01,10.0,8200.0,ADDER,38.0
Uruguay,EXPRESS,10.01,999.0,7900.0,FLAT_SLAB,38.0
Uzbekistan,EXPRESS,0.0,1.0,22900.0,BASE,38.0
Uzbekistan,EXPRESS,0.0,0.5,12900.0,DOC,38.0
Uzbekistan,EXPRESS,1.01,10.0,8200.0,ADDER,38.0
Uzbekistan,EXPRESS,10.01,999.0,7900.0,FLAT_SLAB,38.0
Vanuatu,EXPRESS,0.0,1.0,22900.0,BASE,38.0
Vanuatu,EXPRESS,0.0,0.5,12900.0,DOC,38.0
Vanuatu,EXPRESS,1.01,10.0,8200.0,ADDER,38.0
Vanuatu,EXPRESS,10.01,999.0,7900.0,FLAT_SLAB,38.0
Vatican city,EXPRESS,0.0,1.0,8900.0,BASE,22.0
Vatican city,EXPRESS,0.0,0.5,8600.0,DOC,22.0
Vatican city,EXPRESS,1.01,10.0,4600.0,ADDER,22.0
Vatican city,EXPRESS,10.01,999.0,3600.0,FLAT_SLAB,22.0
Venezuela,EXPRESS,0.0,1.0,22900.0,BASE,38.0
Venezuela,EXPRESS,0.0,0.5,12900.0,DOC,38.0
Venezuela,EXPRESS,1.01,10.0,8200.0,ADDER,38.0
Venezuela,EXPRESS,10.01,999.0,7900.0,FLAT_SLAB,38.0
Vietnam,EXPRESS,0.0,1.0,17700.0,BASE,14.0
Vietnam,EXPRESS,0.0,0.5,9000.0,DOC,14.0
Vietnam,EXPRESS,1.01,10.0,7100.0,ADDER,14.0
Vietnam,EXPRESS,10.01,999.0,6800.0,FLAT_SLAB,14.0
Virgin Islands (British,EXPRESS,0.0,1.0,22900.0,BASE,38.0
Virgin Islands (British,EXPRESS,0.0,0.5,12900.0,DOC,38.0
Virgin Islands (British,EXPRESS,1.01,10.0,8200.0,ADDER,38.0
Virgin Islands (British,EXPRESS,10.01,999.0,7900.0,FLAT_SLAB,38.0
Virgin Islands (US),EXPRESS,0.0,1.0,22900.0,BASE,38.0
Virgin Islands (US),EXPRESS,0.0,0.5,12900.0,DOC,38.0
Virgin Islands (US),EXPRESS,1.01,10.0,8200.0,ADDER,38.0
Virgin Islands (US),EXPRESS,10.01,999.0,7900.0,FLAT_SLAB,38.0
Yemen,EXPRESS,0.0,1.0,16900.0,BASE,35.0
Yemen,EXPRESS,0.0,0.5,9300.0,DOC,35.0
Yemen,EXPRESS,1.01,10.0,7400.0,ADDER,35.0
Yemen,EXPRESS,10.01,999.0,6700.0,FLAT_SLAB,35.0
Yugoslovia,EXPRESS,0.0,1.0,22900.0,BASE,38.0
Yugoslovia,EXPRESS,0.0,0.5,12900.0,DOC,38.0
Yugoslovia,EXPRESS,1.01,10.0,8200.0,ADDER,38.0
Yugoslovia,EXPRESS,10.01,999.0,7900.0,FLAT_SLAB,38.0
Zaire,EXPRESS,0.0,1.0,22900.0,BASE,38.0
Zaire,EXPRESS,0.0,0.5,12900.0,DOC,38.0
Zaire,EXPRESS,1.01,10.0,8200.0,ADDER,38.0
Zaire,EXPRESS,10.01,999.0,7900.0,FLAT_SLAB,38.0
Zambia,EXPRESS,0.0,1.0,22900.0,BASE,38.0
Zambia,EXPRESS,0.0,0.5,12900.0,DOC,38.0
Zambia,EXPRESS,1.01,10.0,8200.0,ADDER,38.0
Zambia,EXPRESS,10.01,999.0,7900.0,FLAT_SLAB,38.0
Zimbabwe,EXPRESS,0.0,1.0,22900.0,BASE,38.0
Zimbabwe,EXPRESS,0.0,0.5,12900.0,DOC,38.0
Zimbabwe,EXPRESS,1.01,10.0,8200.0,ADDER,38.0
Zimbabwe,EXPRESS,10.01,999.0,7900.0,FLAT_SLAB,38.0
kuwait,EXPRESS,0.0,1.0,10600.0,BASE,9.0
kuwait,EXPRESS,0.0,0.5,9000.0,DOC,9.0
kuwait,EXPRESS,1.01,10.0,4750.0,ADDER,9.0
kuwait,EXPRESS,10.01,999.0,3600.0,FLAT_SLAB,9.0
